name,price,location,rating,sold,details_link
vivo Y21T [6/128] RAM 6GB ROM 128GB Pearl White,Rp2.239.000,Kab. Tangerang,4.9,Terjual 500+,https://ta.tokopedia.com/promo/v1/clicks/8a-xgVY2gmUEH_Kao_HhH_1pbm-xgVY789CBUsthbm-FQRo2PcB5QiUEHZFiPcBWgZUEH_yRo_jpH_nhHiFiyRCsUsthoA1Fbm-0g9BRQR-j9fBjUstao_rdHsedo_jabm-xgVYpyfYagZUEoAjNbs17HpUpHpUNopURHpnObm-pHOYDQfri6i-B812kgJxGgBBXZSgjH7NDZ325q1OAZ9o-Q1dFyfFN8B29zSBgHMP2_fB-8jhkz9Po8BJF_7z-H7N1gp-oqjJa_Oo-r7BWPchB3czfyfOZgMHa_SgsQuu2_fB-P7hkz9B6qMrp_Bo-r7BWo9giQ1NDZ325q1NIu9BouVJa3jzVPJNI3MOvepnF_92o8jh1gpo6uco73jz-81OJeMhouczk3MO3q1B2PfBiH72F3s-DPuKa1MhszsBF3jo-ojBke3BHe72fyfODQMV9o3gsZJ2f3jx3qMzc69Cqe7jfZ32Cq1hAZSgsQ3hXyurOgMHaqIgszsBF3jo-ojBke3BHe72dgVP383u36_CgufzEZ325q3zIH_xMzReF3A-G83UazMW-q9P2yp-6PMoWuMggQj2fgAo6QJBkQfBoe7BpZ3N6qMUpZMhyH7ND3uxGqMVAZ_g-qBVd_3j7P7NJyRP68jj7_7zoP7YJqRx-QsnYUiFiP9oBrBY2gmUEUsnibm-pg9opq3YX9fBjUstiHsB63MzwoR-juIovHS-CzRop61YdZBBFQcYSZfx0HugI_jYJHJhEq7BR_OYMocN1qsP3Zfu7rjzk3JHpucJpyMz1_I2h97zhu7hM_1NBuc-9z3jW_AoDQ1P3y7Wpz32auBtFQVVA1fVDuSPAyS2VPsBV6c-UepBtg12oof2WPAribm-xQcri6i-0PVYirMYxgVY7QZUDUMNOQ3-BrBY5gBYxgIHi6sUFbm-XP3Oig9-wy3zp9R-BrZUEHsnDUMoxPVY2gIHi6BDfoZFaomFpHA179ZFiQBYsy3Njq3zxPcuwy3zpUsthoAnDUMVi9RzBrRei6i-6UiFircYpPVYxQcri6i-srcowrfx5rVYOQSJibm-fg9-pq3YXUstiPsUibm-sy9zBgfYa8uYpP3PSg9o79fV7PI-2ySu7gZUE3aUaomUDUsHFo_eibmUpHA1dUiFiHpnOoZUDUsHFopHibmUpHA1fUB7DUMPaQRuF9Ro7rMV7g3PNUs2QHZFa9ZFirMuDg9gxQMoB9RosQR-BUstFbsKNHpJp6AypoAUaHpyh6_eDUSCaq3oB9f-2gmUEH_eOHmFigfYxQVY2gmUEHiFigMBXy3hwrMuDrMVXqOYxgIosQR-BUstNHprXHsrOHsyF6_1poArOoiFir9uBrSBwrMuDrMVXqOYpyfYagZUEHmddopyaoseOo_Uao_UNHAHawe?r=https%3A%2F%2Fwww.tokopedia.com%2Fvivo%2Fvivo-y21t-6-128-ram-6gb-rom-128gb-pearl-white%3FextParam%3Divf%253Dfalse%26src%3Dtopads&page=1&t=desktop&ob=23&management_type=1&src=search&dv=desktop&keywords=handphone&is_search=1
"realme narzo 50A Prime 4/64GB (Powerful Unisoc T612 Processor, 5000mAh - Flash Black",Rp1.899.000,Tangerang,4.9,Terjual 1 rb+,https://ta.tokopedia.com/promo/v1/clicks/8a-xgVY2gmUEH_1OopUNo_1Obm-xgVY789CBUsthbm-FQRo2PcB5QiUEHiFiPcBWgZUEH_yRo_jpH_nhHiFiyRCsUstho_nFbm-0g9BRQR-j9fBjUstaHsjhH_JaH_JObm-xgVYpyfYagZUEoAyNbsKdo_Up6_KNH_176_eDUSHp9fh5gaUEUMuNZM2jZJ2M33NGPMep_Mh-qMY2_1o-r7BW_sCsQABE3BPc8ujagfBvq1jF_c2VH1OEqpCozJuE_jzoo1Okz_zo17BpZ3O7QcuygIgsQu-Myp-6PMoWu3Bvq1BR_c2V8jO1Z_V-q9P2yM7NPujau3Bvq1jF3Bz-8JNJ3MWo1pnF3MOgoJh1192o8jO7_7zsH1NNH3WoqjBR_1Pu8Jda_MOqu7B2_JoGPMoWQcNxupuM3jP3POKaQcW-qMY2_1o-r7BW69BxufzFyMFNPfoW63Wju7dF3A-Dq7BkQfBoe7BpZ37N83V9gICiQABEy1rNPOKaQcW-qMY2_1o-r7BXzsVq3JtO3AoZqVtp_3Bvq1tFyBxd6cJp1MggQj2f3uPzq1hAZS2gHsBN3ByNq3oW6_osHBu2_fB-P7B2PfBsHjNfyfO3gMHauMxsQ1N5Z325q1OEgpoHqB17_92sHJNke_o6qjVd_92uHJBXHA7ibm-Orfua9fBjUstiHmUDUSoBrRo2QfNwq3ei6iUa61NqgV4RrMz1r74arjVIrRHN_RxG39CDQfPbqcDhujP6_7eF_I20Z9Pv9fy7QBzkoOgbg9zazc2yepo1y_oigVzH8SVwzIV9_cgo_Mu1yBPVqZOHHfhWzOgsZRoVqS-33sCD11o_y3h3P7oi8juf611dyjxA63xBZj7RqMO7oaUDUMVDgaUEUMW79f-aQfVj9RzWUiFiQSuWyMua9fYM9fVjraUEHsnDUMNOQ3-BrBYxgIowrMuhUstaHmFiyfV79fBjraUE3pyObAU7bAHFo_zPbm-X9foxQMz2gcV7guYxgIHi6sJ7HmFiy3-wPcupPmUEUjdibm-FQRo79fVDgaUEUMoFyOYpqcYF9RuXrZUDUSgBrSo2Qfdi6i-fHiUDUMoxPcuSQR-N9RoOgfPBrRzwy9z7rMBiP9zBUs2QUsU7UiFiHpnOomUDUsHFo_KibmUpHA1OUiFiHpnRHaUDUsHFo_yi9ZFirMuDg9gxQMoB9RosQR-BUstFbsKd6Ajd6_rfH_eRHpedoZFirI-2yfuwyMBjUstho_nFbm-SQfVD9fBjUstabm-Mq3NxQVYag3hay3N09fVjrfo5rM1i6sKOoZdpo_Kdo_1FHpK7osK7bm-hP3ua8uYag3hay3N09RosQR-BUstFbsKaHAHOosjpoAKd6ArNopxY?t=desktop&r=https%3A%2F%2Fwww.tokopedia.com%2Frealme%2Frealme-narzo-50a-prime-4-64gb-powerful-unisoc-t612-processor-5000mah-flash-black%3FextParam%3Divf%253Dfalse%26src%3Dtopads&src=search&is_search=1&keywords=handphone&management_type=1&dv=desktop&page=1&ob=23
Advan Nasaplus 2GB 16GB Smartphone Android10 Quadcore Garansi Resmi,Rp845.000,Jakarta Barat,4.9,Terjual 750+,https://ta.tokopedia.com/promo/v1/clicks/8a-xgVY2gmUEH_rpHse7o_URbm-xgVY789CBUsthbm-FQRo2PcB5QiUEHaFiPcBWgZUEH_yRo_jpH_nhHiFiyRCsUsth6AnFbm-0g9BRQR-j9fBjUsth6_jNo_jFHAHRbm-xgVYpyfYagZUEoAeRbsHFH_nh6A1f6_jNo_1fbm-pHOYDQfri6i-B812kgJxGgBBXZSgjH7NDZ325q1OAZ9o-Q1dFyfFN8B29zSBgHMP2_fB-81hk1_C6uVjh_32VH7OEqRxo8jJF_92uq1hAZS-q3cFpysoGqOKp_M2iH72DZ325q1OAoIx6ucHhZ3BRq3-W69ugHBu2_fB-HV21Z9x6zV20_uHFHV2W3_zHuVVE_92oPJYJypV68_V0_32-P7OIu9x6HjNW3BP-q1hAZSgsQ3hXyurOgB2IuSPyHMh0Z325q1OAZ9o-Q_BNyuPjrc-D69PsQ_B0gVP6HVKaQcW-qMY2_1o-r7BW69BxufzFyMFN8MVI69PyHMh0Z325q1OAZ9o-Qjyh3BxGouKp1MxqH7O2_fBGHc-y8AxxHO-M33NGPBB913BHe72E3_UN8u2363BsQ_jpyp-uq1Y2Z9P-q9P2yp-6PMoWuMgsHBgtyfO6Q7BkQfBo8Bj7_c20H1N1Z9Po8MoR_32zoJOJz_--QsnYUiFiP9oBrBY2gmUEUsnibm-pg9opq3YX9fBjUstiHsB63MzwoR-juIovHS-CzRop61YdZBBFQcYSZfx0HugI_jYJHJhEq7BR_OYMocN1qsP3Zfu7rjzk3JHpucJpyMz1_I2h97zhu7hM_1NBuc-9z3jW_AoDQ1P3y7Wpz32auBtFQVVA1fVDuSPAyS2VPsBV6c-UepBtg12oof2WPAribm-xQcri6i-0PVYirMYxgVY7QZUDUMNOQ3-BrBY5gBYxgIHi6sUFbm-XP3Oig9-wy3zp9R-BrZUEHsnDUMoxPVY2gIHi6BDfoZFaomFpHA179ZFiQBYsy3Njq3zxPcuwy3zpUsthoAnDUMVi9RzBrRei6i-6UiFircYpPVYxQcri6i-srcowrfx5rVYOQSJibm-fg9-pq3YXUstiPsUibm-sy9zBgfYa8uYpP3PSg9o79fV7PI-2ySu7gZUE3aUaomUDUsHFo_eibmUpHA1dUiFiHpnOoZUDUsHFopHibmUpHA1fUB7DUS-BQcufy3NsguYpyfYagZUEHmddH_jNHAUp6_17HAUFoA1pbm-FrMBsguYiq3ei6sJdHAnDUMP5y3hwq3ei6sUDUMg2QMVD9R-BQI-xQMWwy3zpyfYagZUE6AehbsUf6_1hoAnaosj7opKDUSVOg9-N9R-BQI-xQMWwrfo5rM1i6snX6AKFopydH_yF6AJO6A1aH97?t=desktop&src=search&page=1&management_type=1&keywords=handphone&ob=23&dv=desktop&r=https%3A%2F%2Fwww.tokopedia.com%2Fadvan-official%2Fadvan-nasaplus-2gb-16gb-smartphone-android10-quadcore-garansi-resmi-hitam%3FextParam%3Divf%253Dfalse%26src%3Dtopads&is_search=1
OPPO A31 RAM 6/128 GB GARANSI TOKO 1 TAHUN,Rp959.000,Jakarta Barat,4.9,Terjual 250+,https://ta.tokopedia.com/promo/v1/clicks/8a-xgVY2gmUEH_rdHsnhH_e7bm-xgVY789CBUsthbm-FQRo2PcB5QiUEomFiPcBWgZUEH_yRo_jpH_nhHiFiyRCsUsthHAnFbm-0g9BRQR-j9fBjUstaHpUp6AHp6_rhbm-xgVYpyfYagZUEoAeabsyhosHF6_npHp1do_J7bm-pHOYDQfri6i-B812kgJxGgBBXZSgjH7NDZ325q1OAZ9o-Q1dFyfFN8B29zSBgHMP2_fB-8jhku_C6uJ7h_OzsHJY1yR2vuJOd_uzuq1hAZS-q3cFpysoGqOKp_M2iH72DZ325q1OAoIPvzcHh_1zCP7OJe9PozJVR_1zCP7O_Z9o-Q_ufyMO6QJBkQfB6zOuN_uzzHB2Jz9z6zO2W_7HFHJOE_92Hucrp_BzsPV2JZ9BozJ-D_uzjqB2WuMB-q9P2ysoGrVtaQIuyHB-Dy7yNrV2AZ_g-qjV2_JoGPMoWQcNxupuMy7xGPB2UuM2jzsBF3jo-ojBke3BHe72fyfODQMV9o3gsHMxfy7yNrV2AZ_g-qjV2_JoG8cz9uSBBusjF3uPj8jBkQfBjzpJdgjP7HVKaZSBiHjg0Z3BRq3Ha_SgsQugM33NGPMep_Mh-qMY2_1o-r7BX_M2iH72D3Ao6QVByZM2xe7jfZ32oHjN_oIPvuJuR_92Vo1NJgpuoqMPR_BoG6ZUDUSupg9-wq3ei6iUFUiFirfuprfB5QBY2gmUEUsUN_B2j9pPagVzp_p-ae1PprpBv8J2grch5g7WtqpV3z7NvzACH8MW-P7YwgszXuctRujWBPI-JqBxAHOzxHf-juJhEruYJruPHgjO6guziu7u2b1FpQcOIuMobr7ukrBgqHchzeOoxQVgRef-Ez9yNz_xiZJHNqcuG__PkQ9eRUiFiy3hSUstiqRzwyS-5y3zwPc7ibm-XP3Oig9-wQfgwy3zpUstaHmFiQSuWyMua9fVjrOYag9Ji6sUFbm-sy9zwq3zpUs2Qos1DHseDHpnOoV7DUMNwyfVXgcBjy9zB9fVjraUEH_eFbm-xyBY7g9o7Usti_iUDUSC5rRzwy3hSUstiyRCs9RotQRCwP3NhUiFiPMuarfB5QiUEUSyaUiFiyfV7g3P5rSBwrRuSgfupPVYxPIzaq3-OPc1i6BDiHseibmUpHA17UiFiHpnO6mUDUsHFo_1ibmUpHArpUiFiHpnOoi-Pbm-ag3hBPMVXyfuwrfo5rM1i6snX6AKOHpedHsrRopyh6_Kh6mFirI-2yfuwyMBjUsthHAnFbm-SQfVD9fBjUstabm-Mq3NxQVYag3hay3N09fVjrfo5rM1i6sKFoadho_r7HpeNHpUNHs17bm-hP3ua8uYag3hay3N09RosQR-BUstFbsKaHpyFo_URHsyNH_1fo_BY?r=https%3A%2F%2Fwww.tokopedia.com%2Fdafu99%2Foppo-a31-ram-6-128-gb-garansi-toko-1-tahun-hitam%3FextParam%3Divf%253Dfalse%26src%3Dtopads&keywords=handphone&page=1&is_search=1&t=desktop&dv=desktop&management_type=1&ob=23&src=search
Advan Nasaplus 2GB 16GB Smartphone Android10 Quadcore - DEEP BLUE,Rp849.000,Jakarta Utara,5.0,Terjual 2,https://ta.tokopedia.com/promo/v1/clicks/8a-xgVY2gmUEH_K7HAHfH_ydbm-xgVY789CBUsthbm-FQRo2PcB5QiUEoZFiPcBWgZUEH_yRo_jpH_nhHiFiyRCsUsthoAnFbm-0g9BRQR-j9fBjUstaosHR6_rf6_j7bm-xgVYpyfYagZUEoAU7bs1h6AjNosrdop1RHp1DUSHp9fh5gaUEUMuNZM2jZJ2M33NGPMep_Mh-qMY2_1o-r7BW_sCsQABE3BPc8ujagfBvq1BRZ3BRq3JausujHsBN3jyN8Bja69Bq17jfZ32CP1O1Z9B6zcDO_Oz0o1Y1qpuvucDO_OzSq1hAZSuiHsuk3Bo-ojBk1Mhoqj1F_MOz8Jh11MOqqMP7_jzo8jONHAz68B1p_VPz81Oke9PquJ1p3_-qQVB2Z9o-Q_BNyuPjrc-D63Wq3J-MyuPzq1Y2Z9P-q9P2ysoGrVtaQIuyH7-Nys-ZHujp1MgxuOV2_fB-P7B2PfBiH72F3s-DPuKp_MYiH7-MyuPzq1Y2Z9P-q9P2yOx3QcoXQcgjz7gXyRB-ojBX1SzMZIxagJyNq3oW63xqe7BpZ3N6qMUpZMhyHj2Nysoj8B2_Z_g-qjV2_JoG8Bja69BqusBE3BPc8ujagfBvq1BE_BzCP1O13926uJJa_1zso1OE1_C6qBV2gBJYvZUDUSupg9-wq3ei6iUFUiFirfuprfB5QBY2gmUEUsUN_B2j9pPagVzp_p-ae1PprpBv8J2grch5g7WtqpV3z7NvzACH8MW-P7YwgszXuctRujWBPI-JqBxAHOzxHf-juJhEruYJruPHgjO6guziu7u2b1FpQcOIuMobr7ukrBgqHchzeOoxQVgRef-Ez9yNz_xiZJHNqcuG__PkQ9eRUiFiy3hSUstiqRzwyS-5y3zwPc7ibm-XP3Oig9-wQfgwy3zpUstaHmFiQSuWyMua9fVjrOYag9Ji6sUFbm-sy9zwq3zpUs2Qos1DHsrfbAHFopoPbm-X9foxQMz2gcV7guYxgIHi6sJ7HmFiy3-wPcupPmUEUjdibm-FQRo79fVDgaUEUMoFyOYpqcYF9RuXrZUDUSgBrSo2Qfdi6i-fHiUDUMoxPcuSQR-N9RoOgfPBrRzwy9z7rMBiP9zBUs2QUsU7UiFiHpnOomUDUsHFo_KibmUpHA1OUiFiHpnRHaUDUsHFo_yi9ZFirMuDg9gxQMoB9RosQR-BUstFbsrNopKRoAKFH_HaopHFHsjDUSCaq3oB9f-2gmUEH_eFHmFigfYxQVY2gmUEHiFigMBXy3hwrMuDrMVXqOYxgIosQR-BUstdHAJX6AURHsK7o_K7HpHNHiFir9uBrSBwrMuDrMVXqOYpyfYagZUEHmdd6AKR6_nhH_eO6AJa6_j7we?dv=desktop&keywords=handphone&page=1&ob=23&r=https%3A%2F%2Fwww.tokopedia.com%2Fadvanstore%2Fadvan-nasaplus-2gb-16gb-smartphone-android10-quadcore-deep-blue%3FextParam%3Divf%253Dfalse%26src%3Dtopads&is_search=1&t=desktop&src=search&management_type=1
Samsung Galaxy A04E 3/32 Garansi Resmi,Rp1.225.000,Jakarta Pusat,4.9,Terjual 1 rb+,https://www.tokopedia.com/mobilegeneration/samsung-galaxy-a04e-3-32-garansi-resmi-black?extParam=ivf%3Dfalse%26src%3Dsearch
PROMO Xiaomi Poco F4 Garansi Resmi,Rp5.225.000,Jakarta Pusat,5.0,Terjual 1 rb+,https://www.tokopedia.com/jikalaku/promo-xiaomi-poco-f4-garansi-resmi-green-8-256?extParam=ivf%3Dfalse%26src%3Dsearch
Samsung Galaxy A04 4/64 Garansi Resmi,Rp1.577.000,Jakarta Pusat,4.9,Terjual 1 rb+,https://www.tokopedia.com/mobilegeneration/samsung-galaxy-a04-4-64-garansi-resmi-black?extParam=ivf%3Dfalse%26src%3Dsearch
Samsung Galaxy A13 6/128GB 4/128GB Garasni SEIN 4 GB 6 GB 128 GB,Rp2.021.000,Jakarta Pusat,4.9,Terjual 6 rb+,https://www.tokopedia.com/distriponsel/samsung-galaxy-a13-6-128gb-4-128gb-garasni-sein-4-gb-6-gb-128-gb-non-bundle-4-64gb-black?extParam=ivf%3Dfalse%26src%3Dsearch
PROMO Xiaomi Redmi Note 11 4/128GB Garansi Resmi,Rp2.200.000,Jakarta Pusat,5.0,Terjual 2 rb+,https://www.tokopedia.com/jikalaku/promo-xiaomi-redmi-note-11-4-128gb-garansi-resmi-graphite-gray?extParam=ivf%3Dfalse%26src%3Dsearch
Xiaomi Poco M5,Rp2.078.000,Jakarta Pusat,5.0,Terjual 1 rb+,https://www.tokopedia.com/jikalaku/xiaomi-poco-m5-green-4-64gb?extParam=ivf%3Dfalse%26src%3Dsearch
Xiaomi Redmi 10C 4/64 GB Garansi Resmi Xiaomi Indonesia,Rp1.697.000,Jakarta Pusat,4.9,Terjual 1 rb+,https://www.tokopedia.com/garasii/xiaomi-redmi-10c-4-64-gb-garansi-resmi-xiaomi-indonesia-promo?extParam=ivf%3Dfalse%26src%3Dsearch
Samsung Galaxy A13 4/128 GB,Rp2.132.999,Jakarta Pusat,4.8,Terjual 250+,https://www.tokopedia.com/gccshopp/samsung-galaxy-a13-4-128-gb?extParam=ivf%3Dfalse%26src%3Dsearch
Samsung Galaxy A04e 4/64GB 3/32GB Garansi Resmi Samsung A04 e Not A13,Rp1.195.000,Jakarta Pusat,4.8,Terjual 750+,https://www.tokopedia.com/distriponsel/samsung-galaxy-a04e-4-64gb-3-32gb-garansi-resmi-samsung-a04-e-not-a13-a04e-random-non-bundle?extParam=ivf%3Dfalse%26src%3Dsearch
iPhone 13 Garansi Resmi,Rp13.749.000,Jakarta Barat,5.0,Terjual 2 rb+,https://www.tokopedia.com/ptpratamasemesta/iphone-13-garansi-resmi-128gb-midnight?extParam=ivf%3Dfalse%26src%3Dsearch
"realme narzo 50A Prime 4/128GB [5000mAh Battery,18W Quick Charge)",Rp1.999.000,Tangerang,4.9,Terjual 500+,https://ta.tokopedia.com/promo/v1/clicks/8a-xgVY2gmUEH_yF6_yR6_Jdbm-xgVY789CBUsthbm-FQRo2PcB5QiUEoiFiPcBWgZUEH_yRo_jpH_nhHiFiyRCsUstho_nFbm-0g9BRQR-j9fBjUstaHsjhH_JaH_JObm-xgVYpyfYagZUEoAHNbsnfosKhoAeFH_eN6AHDUSHp9fh5gaUEUMuNZM2jZJ2M33NGPMep_Mh-qMY2_1o-r7BW_sCsQABE3BPc8ujagfBvq1BN_c2gH7O1_9xoqBVN_S2zP7Y1qpzve7BpZ3O7QcuygIgsQu-Myp-6PMoWu3Bvq1BR_c2V8jO1Z_V-q9P2yM7NPujau3Bvq1jF3Bz-8JNJ3MWo1pnF3MOgoJh1192o8jO7_7zsH1NNH3WoqjBR_1Pu8Jda_MOqu7B2_JoGPMoWQcNxupuM3jP3POKaQcW-qMY2_1o-r7BW69BxufzFyMFNPfoW63Wju7dF3A-Dq7BkQfBoe7BpZ37N83V9gICiQABEy1rNPOKaQcW-qMY2_1o-r7BXzsVq3JtO3AoZqVtp_3Bvq1tFyBxd6cJp1MggQj2f3uPzq1hAZS2gHsBN3ByNq3oW6_osHBu2_fB-P7B2PfBsHjNfyfO3gMHauMxsQ1N5Z325q1OE39BHqj1a_92-8jY1u_-6qjJh_1zS8jBXHA7ibm-Orfua9fBjUstiHmUDUSoBrRo2QfNwq3ei6iUa61NqgV4RrMz1r74arjVIrRHN_RxG39CDQfPbqcDhujP6_7eF_I20Z9Pv9fy7QBzkoOgbg9zazc2yepo1y_oigVzH8SVwzIV9_cgo_Mu1yBPVqZOHHfhWzOgsZRoVqS-33sCD11o_y3h3P7oi8juf611dyjxA63xBZj7RqMO7oaUDUMVDgaUEUMW79f-aQfVj9RzWUiFiQSuWyMua9fYM9fVjraUEHsnDUMNOQ3-BrBYxgIowrMuhUstaHmFiyfV79fBjraUE3pyObAU7bAHFo_zPbm-X9foxQMz2gcV7guYxgIHi6sJ7HmFiy3-wPcupPmUEUjdibm-FQRo79fVDgaUEUMoFyOYpqcYF9RuXrZUDUSgBrSo2Qfdi6i-fHiUDUMoxPcuSQR-N9RoOgfPBrRzwy9z7rMBiP9zBUs2QUsU7UiFiHpnOomUDUsHFo_KibmUpHA1OUiFiHpnRHaUDUsHFo_yi9ZFirMuDg9gxQMoB9RosQR-BUstFbsKhoA1hHsjaopnFo_rOoAeDUSCaq3oB9f-2gmUEH_1FHmFigfYxQVY2gmUEHiFigMBXy3hwrMuDrMVXqOYxgIosQR-BUstR6AKXHAHNosyRosHO6_nRHaFir9uBrSBwrMuDrMVXqOYpyfYagZUEHmdR6_edHA1dHA1dHpJdo_yfwe?page=1&management_type=1&r=https%3A%2F%2Fwww.tokopedia.com%2Frealme%2Frealme-narzo-50a-prime-4-128gb-5000mah-battery-18w-quick-charge-flash-black%3FextParam%3Divf%253Dfalse%26src%3Dtopads&src=search&is_search=1&keywords=handphone&t=desktop&ob=23&dv=desktop
Samsung Galaxy A23 6/128 RAM 6 ROM 128 GB 6GB 128GB,Rp3.017.000,Jakarta Utara,4.9,Terjual 250+,https://ta.tokopedia.com/promo/v1/clicks/8a-xgVY2gmUEH_eNHseaHs1fbm-xgVY789CBUsthbm-FQRo2PcB5QiUEoaFiPcBWgZUEH_yRo_jpH_nhHiFiyRCsUstRo_nDUMWB89P5rMzwq3ei6sUfHsnhopraoAyDUMVj9RosQR-BUst7HsUXHpUhoArdopnposnNoiFirpowQcYSUstig9BGqMzUZMggQj2fgAo6QJBkQfBoe7BpZ3O6HcoD692qu7gN3_-Sq1Y2Z9BHqMDp_M2g8jY1e926uVVd_7z-8jNNZ9o-Q9zDguxjPMoW1MgsHjNfyfOuq1Y2Z9PHqjJa_Bzg81N_Z9o-Q_ufyMO6QJBkQfB6zOuN_uzzHB2Jz9z6zO2W_7HFHJOE_92Hucrp_BzsPV2JZ9BozJ-D_uzjqB2WuMB-q9P2ysoGrVtaQIuyHB-Dy7yNrV2AZ_g-qjV2_JoGPMoWQcNxupuMy7xGPB2UuM2jzsBF3jo-ojBke3BHe72fyfODQMV9o3gsHMxfy7yNrV2AZ_g-qjV2_JoG8cz9uSBBusjF3uPj8jBkQfBjzpJdgjP7HVKaZSBiHjg0Z3BRq3Ha_SgsQugM33NGPMep_Mh-qMY2_1o-r7BX_M2iH72D3Ao6QVByZM2xe7jfZ32oHJYAoI26uJJ7_7zSHJOJ192o8MoEZ3dFvZUDUSupg9-wq3ei6iUFUiFirfuprfB5QBY2gmUEUsUN_B2j9pPagVzp_p-ae1PprpBv8J2grch5g7WtqpV3z7NvzACH8MW-P7YwgszXuctRujWBPI-JqBxAHOzxHf-juJhEruYJruPHgjO6guziu7u2b1FpQcOIuMobr7ukrBgqHchzeOoxQVgRef-Ez9yNz_xiZJHNqcuG__PkQ9eRUiFiy3hSUstiqRzwyS-5y3zwPc7ibm-XP3Oig9-wQfgwy3zpUstaHmFiQSuWyMua9fVjrOYag9Ji6sUFbm-sy9zwq3zpUs2Qos1DHseDHpnOoV7DUMNwyfVXgcBjy9zB9fVjraUEH_eFbm-xyBY7g9o7Usti_iUDUSC5rRzwy3hSUstiyRCs9RotQRCwP3NhUiFiPMuarfB5QiUEUSyaUiFiyfV7g3P5rSBwrRuSgfupPVYxPIzaq3-OPc1i6BDiHseibmUpHA17UiFiHpnO6mUDUsHFo_1ibmUpHArpUiFiHpnOoi-Pbm-ag3hBPMVXyfuwrfo5rM1i6snX6AKhHsjhopeFop1aH_yFoaFirI-2yfuwyMBjUstRo_nDUMP5y3hwq3ei6sUDUMg2QMVD9R-BQI-xQMWwy3zpyfYagZUEopKObsKfopnF6_KN6_rhoZFir9uBrSBwrMuDrMVXqOYpyfYagZUEHmddosndHsyOHs1O6_Hd6_rawe?keywords=handphone&is_search=1&page=1&t=desktop&src=search&ob=23&management_type=1&dv=desktop&r=https%3A%2F%2Fwww.tokopedia.com%2Forilink%2Fsamsung-galaxy-a23-6-128-ram-6-rom-128-gb-6gb-128gb-black-6-128gb%3FextParam%3Divf%253Dfalse%26src%3Dtopads
Xiaomi Official Redmi 10C 4/128GB Smartphone,Rp1.999.000,Jakarta Utara,4.9,Terjual 2 rb+,https://ta.tokopedia.com/promo/v1/clicks/8a-xgVY2gmUEH_1pH_yFH_n7bm-xgVY789CBUsthbm-FQRo2PcB5QiUE6mFiPcBWgZUEH_yRo_jpH_nhHiFiyRCsUstRHAnDUMWB89P5rMzwq3ei6sJposrFopr7os1DUMVj9RosQR-BUst7H_JXopjfHAKfoAUOHpUNHZFirpowQcYSUstig9BGqMzUZMggQj2fgAo6QJBkQfBoe7BpZ3O6HcoD692qu7gN3_-Sq1Y2Z92HqB17_uz-HjNEZ9x68BBE_1zSH1NAZ9o-Q9zDguxjPMoW1MgsHjNfyfOuq1Y2Z9PHqjJa_uz-HJY1qpuvucDO_Oz0o1Y1qpu-q9P2yM7NPujau3Bvq1jF3Bz-8JNJ3MWo1pnF3MOgoJh1192o8jO7_7zsH1NNH3WoqjBR_1Pu8Jda_MOqu7B2_JoGPMoWQcNxupuM3jP3POKaQcW-qMY2_1o-r7BW69BxufzFyMFNPfoW63Wju7dF3A-Dq7BkQfBoe7BpZ37N83V9gICiQABEy1rNPOKaQcW-qMY2_1o-r7BXzsVq3JtO3AoZqVtp_3Bvq1tFyBxd6cJp1MggQj2f3uPzq1hAZS2gHsBN3ByNq3oW6_osHBu2_fB-P7B2PfBsHjNfyfO3gMHauMxsQ1N5Z325q1OE__uHqBja_OzCHJOEe_uozJ1O_7zo8jBXHA7ibm-Orfua9fBjUstiHmUDUSoBrRo2QfNwq3ei6iUa61NqgV4RrMz1r74arjVIrRHN_RxG39CDQfPbqcDhujP6_7eF_I20Z9Pv9fy7QBzkoOgbg9zazc2yepo1y_oigVzH8SVwzIV9_cgo_Mu1yBPVqZOHHfhWzOgsZRoVqS-33sCD11o_y3h3P7oi8juf611dyjxA63xBZj7RqMO7oaUDUMVDgaUEUMW79f-aQfVj9RzWUiFiQSuWyMua9fYM9fVjraUEHsnDUMNOQ3-BrBYxgIowrMuhUstaHmFiyfV79fBjraUE3pyObAU7bAHFo_zPbm-X9foxQMz2gcV7guYxgIHi6sJ7HmFiy3-wPcupPmUEUjdibm-FQRo79fVDgaUEUMoFyOYpqcYF9RuXrZUDUSgBrSo2Qfdi6i-fHiUDUMoxPcuSQR-N9RoOgfPBrRzwy9z7rMBiP9zBUs2QUsU7UiFiHpnOomUDUsHFo_KibmUpHA1OUiFiHpnRHaUDUsHFo_yi9ZFirMuDg9gxQMoB9RosQR-BUstFbsjpHsHpHs1NH_nOos17oAjDUSCaq3oB9f-2gmUEopnFbm-SQfVD9fBjUstabm-Mq3NxQVYag3hay3N09fVjrfo5rM1i6srRoaddoAKfHpnpopyhoAK7bm-hP3ua8uYag3hay3N09RosQR-BUstFbsKd6AjhopnFo_Haop1Ros-Y?t=desktop&r=https%3A%2F%2Fwww.tokopedia.com%2Fxiaomi%2Fxiaomi-official-redmi-10c-4-128gb-smartphone-mint-green%3FextParam%3Divf%253Dfalse%26src%3Dtopads&keywords=handphone&dv=desktop&src=search&is_search=1&page=1&ob=23&management_type=1
Advan Nasaplus 2GB 16GB Smartphone Android10 Quadcore - HITAM,Rp849.000,Jakarta Utara,,Terjual 4,https://ta.tokopedia.com/promo/v1/clicks/8a-xgVY2gmUEH_yNHprdHsUNbm-xgVY789CBUsthbm-FQRo2PcB5QiUE6ZFiPcBWgZUEH_yRo_jpH_nhHiFiyRCsUsthoAnFbm-0g9BRQR-j9fBjUstaosHR6_rf6_j7bm-xgVYpyfYagZUEoAJ7bsjOH_jao_UpHpjFoAnpbm-pHOYDQfri6i-B812kgJxGgBBXZSgjH7NDZ325q1OAZ9o-Q1dFyfFN8B29zSBgHMP2_fB-P7B2PfBxHByOgAUN8u2c692gHsBN3Bo-ojBke9uouJBN_jz0o1Y1qpuvucDO_Oz0o1Y1gfBHe72OysUOqB2_Z_g-qB-D_32VHJNW19xHuV-W3M2SPJNJ_92o8_n7_S2uH7h919BoqjVR3BzVHOja3Mhgq1BpZ37N83V9gICiQAB03BxmgMV913Bvq1BRZ3BRq3UpZSCqHMhO3Aom83Ua1sVgHO-MyuPzq1Y2Z9P-q9P2ysoGrVtaQIuyH7N5ysomgMV913Bvq1BRZ3BRq3oyuMhsQMhMgJPcQMoNZ_g-QB-7gjxdrMzc63BsQ_Bt3jo-r7BX_M2iH72D3A-G83UpgI2q17jfZ32Cq1hAZS2gHsBN3ByN8B29zSBgHMP2_fB-8jNJZ9uoqMoN_uz-o1OEgR26qjuN_Ozoq3gzv_7ibm-Orfua9fBjUstiHmUDUSoBrRo2QfNwq3ei6iUa61NqgV4RrMz1r74arjVIrRHN_RxG39CDQfPbqcDhujP6_7eF_I20Z9Pv9fy7QBzkoOgbg9zazc2yepo1y_oigVzH8SVwzIV9_cgo_Mu1yBPVqZOHHfhWzOgsZRoVqS-33sCD11o_y3h3P7oi8juf611dyjxA63xBZj7RqMO7oaUDUMVDgaUEUMW79f-aQfVj9RzWUiFiQSuWyMua9fYM9fVjraUEHsnDUMNOQ3-BrBYxgIowrMuhUstaHmFiyfV79fBjraUE3pyObAURoiFpHArp9ZFiQBYsy3Njq3zxPcuwy3zpUsthoAnDUMVi9RzBrRei6i-6UiFircYpPVYxQcri6i-srcowrfx5rVYOQSJibm-fg9-pq3YXUstiPsUibm-sy9zBgfYa8uYpP3PSg9o79fV7PI-2ySu7gZUE3aUaomUDUsHFo_eibmUpHA1dUiFiHpnOoZUDUsHFopHibmUpHA1fUB7DUS-BQcufy3NsguYpyfYagZUEHmddHsHfHsnR6_HdHsrN6AJRbm-FrMBsguYiq3ei6sJ7HAnDUMP5y3hwq3ei6sUDUMg2QMVD9R-BQI-xQMWwy3zpyfYagZUEoprRbs1a6_rRoAJRHAUaoprDUSVOg9-N9R-BQI-xQMWwrfo5rM1i6snX6ArpopKaopKOH_1OHAHpwe?ob=23&management_type=1&src=search&is_search=1&dv=desktop&r=https%3A%2F%2Fwww.tokopedia.com%2Fadvanstore%2Fadvan-nasaplus-2gb-16gb-smartphone-android10-quadcore-hitam%3FextParam%3Divf%253Dfalse%26src%3Dtopads&page=1&keywords=handphone&t=desktop
Evercoss Xtream 1 (S45),Rp399.000,Jakarta Utara,4.8,Terjual 750+,https://ta.tokopedia.com/promo/v1/clicks/8a-xgVY2gmUEH_JpoAUF6Ajabm-xgVY789CBUsthbm-FQRo2PcB5QiUEH_nDUSz2Q31i6sJfop1NHpJFH_UDUMoFyaUEo_nFbm-0g9BRQR-j9fBjUstp6_HN6_1fHAjDUMVj9RosQR-BUst7HpnXHpHFopKOHAeOoAyaoaFirpowQcYSUstig9BGqMzUZMggQj2fgAo6QJBkQfBoe7BpZ3O6HcoD692qu7gN3_-Sq1Y2Z_CHqBJp_92goJNJZ9xozVuN_M2o8JN2Z9o-Q9zDguxjPMoW1MgsHjNfyfOuq1Y2Z9PHqjJF_92sH1OJe9PozJVR_1zCP7OJe9P6e7BpZ37OPM-W_Mh-qMY2_jPu81O11_-qzJu7_jPqQ1YAHACo8jOE_VzSH7N1yRzqzJBN_1zmQJO1gc2qQug2Z3BRq3UpZSCqHMhO3A-ZQcoc69Cqe7jfZ32Cq1hAZSgsQ3hXyurOgMoUZSgqZVgkgJyNrV2AZ_g-qjV2_JoGPMoWQcNxupuMyp-tPMoc69Cqe7jfZ32Cq1hAZSxjuOgNguyNHVB9gI2-qMY2gJrh6cgIPACyHj2Nys-cq7B2PfBsHjNfyfO3gBBXZSgjH7NDZ325q1OAZ9o-QjNkysoGQVKp_Mhg3J2ky1o-ojBk__V6epeO_Bzs8jNJ39PvuJBR_OzuoJBXHA7ibm-Orfua9fBjUstiHmUDUSoBrRo2QfNwq3ei6iUa61NqgV4RrMz1r74arjVIrRHN_RxG39CDQfPbqcDhujP6_7eF_I20Z9Pv9fy7QBzkoOgbg9zazc2yepo1y_oigVzH8SVwzIV9_cgo_Mu1yBPVqZOHHfhWzOgsZRoVqS-33sCD11o_y3h3P7oi8juf611dyjxA63xBZj7RqMO7oaUDUMVDgaUEUMW79f-aQfVj9RzWUiFiQSuWyMua9fYM9fVjraUEHsnDUMNOQ3-BrBYxgIowrMuhUstaHmFiyfV79fBjraUE3pyObAU7bAHFo_zPbm-X9foxQMz2gcV7guYxgIHi6sJ7HmFiy3-wPcupPmUEUjdibm-FQRo79fVDgaUEUMoFyOYpqcYF9RuXrZUDUSgBrSo2Qfdi6i-fHiUDUMoxPcuSQR-N9RoOgfPBrRzwy9z7rMBiP9zBUs2QUsU7UiFiHpnOomUDUsHFo_KibmUpHA1OUiFiHpnRHaUDUsHFo_yi9ZFirMuDg9gxQMoB9RosQR-BUstFbsjho_Jf6AJdHsUfopyaH_eDUSCaq3oB9f-2gmUEo_nFbm-SQfVD9fBjUstabm-Mq3NxQVYag3hay3N09fVjrfo5rM1i6srRoZdRo_efHAjR6_eNHAJDUSVOg9-N9R-BQI-xQMWwrfo5rM1i6snX6AnaosjpopH7H_nRHsHFHR7?management_type=1&r=https%3A%2F%2Fwww.tokopedia.com%2Fevercoss%2Fevercoss-xtream-1-s45-hitam%3FextParam%3Divf%253Dfalse%26src%3Dtopads&is_search=1&keywords=handphone&src=search&dv=desktop&page=1&t=desktop&ob=23
Samsung Galaxy A13 6/128 GB Garansi Resmi,Rp2.372.000,Jakarta Pusat,5.0,Terjual 6 rb+,https://www.tokopedia.com/gudang-hp/samsung-galaxy-a13-6-128-gb-garansi-resmi-hitam?extParam=ivf%3Dfalse%26src%3Dsearch
Samsung Galaxy A04 4/64 GB Garansi Resmi SEIN,Rp1.573.000,Jakarta Pusat,5.0,Terjual 1 rb+,https://www.tokopedia.com/gudang-hp/samsung-galaxy-a04-4-64-gb-garansi-resmi-sein-copper?extParam=ivf%3Dfalse%26src%3Dsearch
PROMO Xiaomi Redmi Note 11 Pro 5G 8/128GB Garansi Resmi,Rp3.790.000,Jakarta Pusat,5.0,Terjual 2 rb+,https://www.tokopedia.com/jikalaku/promo-xiaomi-redmi-note-11-pro-5g-8-128gb-garansi-resmi-grey?extParam=ivf%3Dfalse%26src%3Dsearch
Xiaomi Redmi 10 6/128 GB Garansi Resmi,Rp2.094.000,Jakarta Pusat,5.0,Terjual 4 rb+,https://www.tokopedia.com/jikalaku/xiaomi-redmi-10-6-128-gb-garansi-resmi-blue?extParam=ivf%3Dfalse%26src%3Dsearch
Iphone 11 128GB Garansi Resmi TAM / Ibox,Rp7.499.000,Jakarta Barat,5.0,Terjual 7 rb+,https://www.tokopedia.com/ptpratamasemesta/iphone-11-128gb-garansi-resmi-tam-ibox-black-64-new-packed?extParam=ivf%3Dfalse%26src%3Dsearch
OPPO A57 5G 8/128 GB 4/64 GB Garansi Resmi Oppo A57 2022 Not A16 A95,Rp2.046.000,Jakarta Pusat,4.9,Terjual 3 rb+,https://www.tokopedia.com/onestop-ponsel/oppo-a57-5g-8-128-gb-4-64-gb-garansi-resmi-oppo-a57-2022-not-a16-a95-mix-promo-non-paket?extParam=ivf%3Dfalse%26src%3Dsearch
Samsung Galaxy A04e 3/32GB,Rp1.216.000,Jakarta Pusat,5.0,Terjual 1 rb+,https://www.tokopedia.com/jikalaku/samsung-galaxy-a04e-3-32gb-black?extParam=ivf%3Dfalse%26src%3Dsearch
Realme C33 4/64 GB 3/32 GB Garansi Resmi Not Realme C35 C31 C30,Rp1.580.000,Jakarta Pusat,4.8,Terjual 750+,https://www.tokopedia.com/distriponsel/realme-c33-4-64-gb-3-32-gb-garansi-resmi-not-realme-c35-c31-c30-c33-4-64-black-non-bundle?extParam=ivf%3Dfalse%26src%3Dsearch
Samsung Galaxy A33 5G 8/128 GB Garansi Resmi,Rp4.179.000,Jakarta Pusat,5.0,Terjual 1 rb+,https://www.tokopedia.com/gudang-hp/samsung-galaxy-a33-5g-8-128-gb-garansi-resmi-biru?extParam=ivf%3Dfalse%26src%3Dsearch
Samsung Galaxy A23 LTE / 5G 6/128 GB Garansi SEIN 6 GB 128 GB,Rp2.959.000,Jakarta Pusat,4.9,Terjual 1 rb+,https://www.tokopedia.com/distriponsel/samsung-galaxy-a23-lte-5g-6-128-gb-garansi-sein-6-gb-128-gb-non-bunde-4g-black?extParam=ivf%3Dfalse%26src%3Dsearch
vivo Y15s [3/64] RAM 3GB ROM 64GB Mystic Blue,Rp1.489.000,Kab. Tangerang,,,https://ta.tokopedia.com/promo/v1/clicks/8a-xgVY2gmUEH_Kao_HhH_1fbm-xgVY789CBUsthbm-FQRo2PcB5QiUEH_JDUSz2Q31i6sJfop1NHpJFH_UDUMoFyaUEos1Fbm-0g9BRQR-j9fBjUstao_rdHsedosnpbm-xgVYpyfYagZUEoAnNbsrOHpn7oprNHsJNoAJ7bm-pHOYDQfri6i-B812kgJxGgBBXZSgjH7NDZ325q1OAZ9o-Q1dFyfFN8B29zSBgHMP2_fB-8JhkgpV6qMHa_92081N1yRBvuVJF_32Sq1hAZS-q3cFpysoGqOKp_M2iH72DZ325q1OAoIP6uVj7_S2zo1Y1qpuvucDO_Oz0o1Y1u3BHe72OysUOqB2_Z_g-qB-D_32VHJNW19xHuV-W3M2SPJNJ_92o8_n7_S2uH7h919BoqjVR3BzVHOja3Mhgq1BpZ37N83V9gICiQAB03BxmgMV913Bvq1BRZ3BRq3UpZSCqHMhO3Aom83Ua1sVgHO-MyuPzq1Y2Z9P-q9P2ysoGrVtaQIuyH7N5ysomgMV913Bvq1BRZ3BRq3oyuMhsQMhMgJPcQMoNZ_g-QB-7gjxdrMzc63BsQ_Bt3jo-r7BX_M2iH72D3A-G83UpgI2q17jfZ32Cq1hAZS2gHsBN3ByN8B29zSBgHMP2_fB-8jOEyRuvucPE_7zzH7NJ_9P6uJjp_7oG6ZUDUSupg9-wq3ei6iUFUiFirfuprfB5QBY2gmUEUsUN_B2j9pPagVzp_p-ae1PprpBv8J2grch5g7WtqpV3z7NvzACH8MW-P7YwgszXuctRujWBPI-JqBxAHOzxHf-juJhEruYJruPHgjO6guziu7u2b1FpQcOIuMobr7ukrBgqHchzeOoxQVgRef-Ez9yNz_xiZJHNqcuG__PkQ9eRUiFiy3hSUstiqRzwyS-5y3zwPc7ibm-XP3Oig9-wQfgwy3zpUstaHmFiQSuWyMua9fVjrOYag9Ji6sUFbm-sy9zwq3zpUs2Qos1DHseDHpnOoV7DUMNwyfVXgcBjy9zB9fVjraUEH_eFbm-xyBY7g9o7Usti_iUDUSC5rRzwy3hSUstiyRCs9RotQRCwP3NhUiFiPMuarfB5QiUEUSyaUiFiyfV7g3P5rSBwrRuSgfupPVYxPIzaq3-OPc1i6BDiHseibmUpHA17UiFiHpnO6mUDUsHFo_1ibmUpHArpUiFiHpnOoi-Pbm-SrMYOrVYpPI-xPcuS8ZUE3pJDHB7DUS-BQcufy3NsguYpyfYagZUEHmdNH_epH_npoA1dHAHfoA1Nbm-FrMBsguYiq3ei6syOHmFigfYxQVY2gmUEHiFigMBXy3hwrMuDrMVXqOYxgIosQR-BUstRopeXoAnpHsrRopJO6AUabm-hP3ua8uYag3hay3N09RosQR-BUstFbsKd6_jaosKaopyFosnRo_-Y?keywords=handphone&is_search=1&r=https%3A%2F%2Fwww.tokopedia.com%2Fvivo%2Fvivo-y15s-3-64-ram-3gb-rom-64gb-mystic-blue%3Fsrc%3Dtopads&src=search&dv=desktop&page=1&t=desktop&ob=23&management_type=1
Vivo V15 Ram 8GB/256GB Garansi | Vivo V15 Ram 8 GB / 256 GB Garansi,Rp1.861.725,Jakarta Barat,4.3,Terjual 50+,https://ta.tokopedia.com/promo/v1/clicks/8a-xgVY2gmUEH_ypHAHposJ7bm-xgVY789CBUsthbm-FQRo2PcB5QiUEH_UDUSz2Q31i6sJfop1NHpJFH_UDUMoFyaUEosnFbm-0g9BRQR-j9fBjUsthoA1NHAeNHsJNbm-xgVYpyfYagZUEoAJ7bsUO6_UhoAedoAjpo_KObm-pHOYDQfri6i-B812kgJxGgBBXZSgjH7NDZ325q1OAZ9o-Q1dFyfFN8B29zSBgHMP2_fB-HJhk1_u6zJ77_32C81Ok1_ooucWdZ3BRq3JausujHsBN3jyN8Bja69Bq17jfZ32CP1O1e9B6uJVR_1zCP7OJe9PozJVR_1zVq1hAZSuiHsuk3Bo-ojBk1Mhoqj1F_MOz8Jh11MOqqMP7_jzo8jONHAz68B1p_VPz81Oke9PquJ1p3_-qQVB2Z9o-Q_BNyuPjrc-D63Wq3J-MyuPzq1Y2Z9P-q9P2ysoGrVtaQIuyH7-Nys-ZHujp1MgxuOV2_fB-P7B2PfBiH72F3s-DPuKp_MYiH7-MyuPzq1Y2Z9P-q9P2yOx3QcoXQcgjz7gXyRB-ojBX1SzMZIxagJyNQcuIzM2je7BpZ3N6qMUpZMhyHj2Nysoj8B2_Z_g-qjV2_JoG8Bja69BqusBE3BPc8ujagfBvq1BE_jzVP1NEe9P68BJ7_BzoH1O1gp-681tNUiFiP9oBrBY2gmUEUsnibm-pg9opq3YX9fBjUstiHsB63MzwoR-juIovHS-CzRop61YdZBBFQcYSZfx0HugI_jYJHJhEq7BR_OYMocN1qsP3Zfu7rjzk3JHpucJpyMz1_I2h97zhu7hM_1NBuc-9z3jW_AoDQ1P3y7Wpz32auBtFQVVA1fVDuSPAyS2VPsBV6c-UepBtg12oof2WPAribm-xQcri6i-0PVYB8cVsPVY7QZUDUMNOQ3-BrBY5gBYxgIHi6sUFbm-XP3Oig9-wy3zp9R-BrZUEHsnDUMoxPVY2gIHi6BDfoZFaomFpHA179ZFiQBYsy3Njq3zxPcuwy3zpUsthoAnDUMVi9RzBrRei6i-6UiFircYpPVYxQcri6i-srcowrfx5rVYOQSJibm-fg9-pq3YXUstiPsUibm-sy9zBgfYa8uYpP3PSg9o79fV7PI-2ySu7gZUE3aUaomUDUsHFo_eibmUpHA1dUiFiHpnOoZUDUsHFopHibmUpHA1fUB7DUS-BQcufy3NsguYpyfYagZUEHmddos1R6AjRoseFoseR6_eabm-FrMBsguYiq3ei6syFHmFigfYxQVY2gmUEHiFigMBXy3hwrMuDrMVXqOYxgIosQR-BUstRopUX6_Jpo_KpHAJao_HRHiFir9uBrSBwrMuDrMVXqOYpyfYagZUEHmddos1RopUdHsn7osH7osUpwe?dv=desktop&page=1&ob=23&management_type=1&r=https%3A%2F%2Fwww.tokopedia.com%2Fsentoyou%2Fvivo-v15-ram-8gb-256gb-garansi-vivo-v15-ram-8-gb-256-gb-garansi%3FextParam%3Divf%253Dfalse%26src%3Dtopads&src=search&is_search=1&keywords=handphone&t=desktop
ADVAN smartphone NASA PRO 2GB/32GB Android 11 - Hitam,Rp899.000,Jakarta Utara,5.0,Terjual 50+,https://ta.tokopedia.com/promo/v1/clicks/8a-xgVY2gmUEH_ypHprpoAyNbm-xgVY789CBUsthbm-FQRo2PcB5QiUEH_HDUSz2Q31i6sJfop1NHpJFH_UDUMoFyaUEH_eFHmFiqfuNPfYagVY2gmUEHsypopK7HpKFoaFiy3zwrfo5rM1i6sehHadNo_r7op1doAUhHAyRoiFirpowQcYSUstig9BGqMzUZMggQj2fgAo6QJBkQfBoe7BpZ3O6HcoD692qu7gN3_-Sq1Y2Z9P-q9P2y_-3o3ea69BqzsBE3_UN8u2_Z_g-qjVO_uz-81NJqpuvucDO_Oz0o1Y1qpuvucP2_JoGP3Uao32q17jfZ32ZQJOkz_C6QuVd_VzZQu2kgRz6zJOE_9jFoJNEu_oHuOVN_32CPO21z_ogHB2D33B-r7BW69BxufzFyMFNqO2yeMgxuOV2_fB-P7B2PfBiH72F3s-DPuKpeSBiHBUh3_oZgMV913Bvq1BRZ3BRq3UpZSCqHMhO3Ao6QfUpeMgxuOV2_fB-P7B2PfBs3VgDyfNDgMzIzMNs81jfZ3NZPcgU8I-jzsB2yf7NqV2AZ9o-QjNkysoGQVKaZSBiHfzE3Bo-ojBke3BHe72E3_UN8u23692qu7gN3_-Sq1Y2Z926zJuO_jzu8JYJ39PouJ17_uz0HjNk_3BM1_7YUiFiP9oBrBY2gmUEUsnibm-pg9opq3YX9fBjUstiHsB63MzwoR-juIovHS-CzRop61YdZBBFQcYSZfx0HugI_jYJHJhEq7BR_OYMocN1qsP3Zfu7rjzk3JHpucJpyMz1_I2h97zhu7hM_1NBuc-9z3jW_AoDQ1P3y7Wpz32auBtFQVVA1fVDuSPAyS2VPsBV6c-UepBtg12oof2WPAribm-xQcri6i-0PVYirMYxgVY7QZUDUMNOQ3-BrBY5gBYxgIHi6sUFbm-XP3Oig9-wy3zp9R-BrZUEHsnDUMoxPVY2gIHi6BDfoZFaomFpHA179ZFiQBYsy3Njq3zxPcuwy3zpUsthoAnDUMVi9RzBrRei6i-6UiFircYpPVYxQcri6i-srcowrfx5rVYOQSJibm-fg9-pq3YXUstiPsUibm-sy9zBgfYa8uYpP3PSg9o79fV7PI-2ySu7gZUE3aUaomUDUsHFo_eibmUpHA1dUiFiHpnOoZUDUsHFopHibmUpHA1fUB7DUS-BQcufy3NsguYpyfYagZUEHmdRHpnfopnaHAURHsHOH_ydbm-FrMBsguYiq3ei6sJ7HAnDUMP5y3hwq3ei6sUDUMg2QMVD9R-BQI-xQMWwy3zpyfYagZUEoprabsHh6AJfosrNHs1NH_UDUSVOg9-N9R-BQI-xQMWwrfo5rM1i6snX6AyOosj7oA1p6AJh6AjR6I7?src=search&keywords=handphone&ob=23&t=desktop&is_search=1&page=1&management_type=1&dv=desktop&r=https%3A%2F%2Fwww.tokopedia.com%2Fadvanstore%2Fadvan-smartphone-nasa-pro-2gb-32gb-android-11-hitam%3FextParam%3Divf%253Dfalse%26src%3Dtopads
xiaomi redmi note 2 ram 2gb/16gb,Rp350.000,Jakarta Barat,4.6,Terjual 100+,https://ta.tokopedia.com/promo/v1/clicks/8a-xgVY2gmUE6_jRH_eaosnDUMVj9RzNrc1i6sJDUSC5rfB7q3YXUsthomFiPcBWgZUEH_yRo_jpH_nhHiFiyRCsUstdHAnDUMWB89P5rMzwq3ei6sUO6_rFH_jFHAJDUMVj9RosQR-BUst7HAKX6AnR6_Uhosea6_UN6ZFirpowQcYSUstig9BGqMzUZMggQj2fgAo6QJBkQfBoe7BpZ3O6HcoD692qu7gN3_-Sq1Y2Z_-HqMrO_M2uH1O1yRB6zJuE_S208jO_Z9o-Q9zDguxjPMoW1MgsHjNfyfOuq1Y2Z9PHqjuN_1zCP7OJe9PozJVR_1zCP7OJe9x-q9P2yM7NPujau3Bvq1jF3Bz-8JNJ3MWo1pnF3MOgoJh1192o8jO7_7zsH1NNH3WoqjBR_1Pu8Jda_MOqu7B2_JoGPMoWQcNxupuM3jP3POKaQcW-qMY2_1o-r7BW69BxufzFyMFNPfoW63Wju7dF3A-Dq7BkQfBoe7BpZ37N83V9gICiQABEy1rNPOKaQcW-qMY2_1o-r7BXzsVq3JtO3AoZqVtp_3Bvq1tFyBxd6cJp1Mgq3cxt3_ozq1hAZS2gHsBN3ByNq3oW6_osHBu2_fB-P7B2PfBsHjNfyfO3gMHauMxsQ1N5Z325q1OE__oHqjBR_jz-HjOk_9B6qMrp_jzVq3gzv_7ibm-Orfua9fBjUstiHmUDUSoBrRo2QfNwq3ei6iUa61NqgV4RrMz1r74arjVIrRHN_RxG39CDQfPbqcDhujP6_7eF_I20Z9Pv9fy7QBzkoOgbg9zazc2yepo1y_oigVzH8SVwzIV9_cgo_Mu1yBPVqZOHHfhWzOgsZRoVqS-33sCD11o_y3h3P7oi8juf611dyjxA63xBZj7RqMO7oaUDUMVDgaUEUMW79fudy3o79RzWUiFiQSuWyMua9fYM9fVjraUEHsnDUMNOQ3-BrBYxgIowrMuhUstaHmFiyfV79fBjraUE3pyObAU7bAHFo_zPbm-X9foxQMz2gcV7guYxgIHi6sJ7HmFiy3-wPcupPmUEUjdibm-FQRo79fVDgaUEUMoFyOYpqcYF9RuXrZUDUSgBrSo2Qfdi6i-fHiUDUMoxPcuSQR-N9RoOgfPBrRzwy9z7rMBiP9zBUs2QUsU7UiFiHpnOomUDUsHFo_KibmUpHA1OUiFiHpnRHaUDUsHFo_yi9ZFirMuDg9gxQMoB9RosQR-BUstFbsKdHsHFosHaopyaHs1f6ArDUSCaq3oB9f-2gmUE6AnFbm-SQfVD9fBjUstabm-Mq3NxQVYag3hay3N09fVjrfo5rM1i6srf6Zd76_UhH_J7HsUNH_Kabm-hP3ua8uYag3hay3N09RosQR-BUstFbsKdHsUdHsrdHAeOopn7H97?dv=desktop&is_search=1&keywords=handphone&t=desktop&ob=23&r=https%3A%2F%2Fwww.tokopedia.com%2Fdelo87%2Fxiaomi-redmi-note-2-ram-2gb-16gb%3FextParam%3Divf%253Dfalse%26src%3Dtopads&page=1&management_type=2&src=search
OPPO A15S RAM 6/128GB GARANSI 1 TAHUN,Rp999.000,Jakarta Barat,4.9,Terjual 250+,https://ta.tokopedia.com/promo/v1/clicks/8a-xgVY2gmUEH_rOH_yhH_nabm-xgVY789CBUsthbm-FQRo2PcB5QiUEH_1DUSz2Q31i6sJfop1NHpJFH_UDUMoFyaUE6AnFbm-0g9BRQR-j9fBjUstOH_U76An7HpJDUMVj9RosQR-BUst7HpUX6AJdo_rd6AHNHpU7HaFirpowQcYSUstig9BGqMzUZMggQj2fgAo6QJBkQfBoe7BpZ3O6HcoD692qu7gN3_-Sq1Y2Z_VHqB1O_uzCH1NJ_9xo8jJO_OzCHJO133BHe72a3BxDHfUpZMWyH7NkysoGQJBkQfBoepzR_SB-r7BWo9giQ1NDZ325q1NIu9BouVJa3jzVPJNI3MOvepnF_92o8jh1gpo6uco73jz-81OJeMhouczk3MO3q1B2PfBiH72F3s-DPuKa1MhszsBF3jo-ojBke3BHe72fyfODQMV9o3gsZJ2f3jx3qMzc69Cqe7jfZ32Cq1hAZSgsQ3hXyurOgMHaqIgszsBF3jo-ojBke3BHe72dgVP383u36_CgufzEZ325q3zIH_xMzReF3A-G83UazMW-q9P2yp-6PMoWuMggQj2fgAo6QJBkQfBoe7BpZ3N6qMUpZMhyH7ND3uxGqMVAZ_g-qj7h_Sj7P7OJqR2vucoR_uzCH1N119B681tNUiFiP9oBrBY2gmUEUsnibm-pg9opq3YX9fBjUstiHsB63MzwoR-juIovHS-CzRop61YdZBBFQcYSZfx0HugI_jYJHJhEq7BR_OYMocN1qsP3Zfu7rjzk3JHpucJpyMz1_I2h97zhu7hM_1NBuc-9z3jW_AoDQ1P3y7Wpz32auBtFQVVA1fVDuSPAyS2VPsBV6c-UepBtg12oof2WPAribm-xQcri6i-0PVYirMYxgVY7QZUDUMNOQ3-BrBY5gBYxgIHi6sUFbm-XP3Oig9-wy3zp9R-BrZUEHsnDUMoxPVY2gIHi6BDfoZFaomFpHA179ZFiQBYsy3Njq3zxPcuwy3zpUsthoAnDUMVi9RzBrRei6i-6UiFircYpPVYxQcri6i-srcowrfx5rVYOQSJibm-fg9-pq3YXUstiPsUibm-sy9zBgfYa8uYpP3PSg9o79fV7PI-2ySu7gZUE3aUaomUDUsHFo_eibmUpHA1dUiFiHpnOoZUDUsHFopHibmUpHA1fUB7DUS-BQcufy3NsguYpyfYagZUEHmdRopjdH_jpopjdoAK76_HRbm-FrMBsguYiq3ei6sKFHmFigfYxQVY2gmUEHiFigMBXy3hwrMuDrMVXqOYxgIosQR-BUstRosKXosrFHAJRosyp6_nhoZFir9uBrSBwrMuDrMVXqOYpyfYagZUEHmdRop1NosHOoA1hHArOo_Kawe?management_type=1&t=desktop&r=https%3A%2F%2Fwww.tokopedia.com%2Fdafu99%2Foppo-a15s-ram-6-128gb-garansi-1-tahun-biru%3FextParam%3Divf%253Dfalse%26src%3Dtopads&src=search&is_search=1&keywords=handphone&ob=23&dv=desktop&page=1
Redmi A1 2022 Garansi Resmi Xiaomi Indonesia,Rp1.055.000,Jakarta Pusat,5.0,Terjual 1 rb+,https://www.tokopedia.com/jikalaku/redmi-a1-2022-garansi-resmi-xiaomi-indonesia-black-2gb-32gb?extParam=ivf%3Dfalse%26src%3Dsearch
Xiaomi Poco M5S NFC 6/128GB Garansi Resmi,Rp2.588.000,Jakarta Pusat,5.0,Terjual 250+,https://www.tokopedia.com/pandawatiga/xiaomi-poco-m5s-nfc-6-128gb-garansi-resmi-grey?extParam=ivf%3Dfalse%26src%3Dsearch
Xiaomi Redmi Note 11 6/128 GB Garansi Resmi,Rp2.605.000,Jakarta Pusat,5.0,Terjual 3 rb+,https://www.tokopedia.com/gudang-hp/xiaomi-redmi-note-11-6-128-gb-garansi-resmi-star-blue?extParam=ivf%3Dfalse%26src%3Dsearch
Samsung Galaxy A23 6/128 Garansi Resmi (FS),Rp2.892.000,Jakarta Pusat,5.0,Terjual 1 rb+,https://www.tokopedia.com/jikalaku/samsung-galaxy-a23-6-128-garansi-resmi-fs-peach?extParam=ivf%3Dfalse%26src%3Dsearch
Xiaomi Redmi Note 11 6/128 GB Garansi Resmi Xiaomi Indonesia,Rp2.523.000,Jakarta Pusat,4.9,Terjual 1 rb+,https://www.tokopedia.com/garasii/xiaomi-redmi-note-11-6-128-gb-garansi-resmi-xiaomi-indonesia-promo?extParam=ivf%3Dfalse%26src%3Dsearch
Xiaomi Poco M4 Pro 6/128 GB Garansi Resmi,Rp2.794.000,Jakarta Pusat,5.0,Terjual 1 rb+,https://www.tokopedia.com/gudang-hp/xiaomi-poco-m4-pro-6-128-gb-garansi-resmi-hitam?extParam=ivf%3Dfalse%26src%3Dsearch
Samsung Galaxy A04e 4/64GB 3/32GB Garansi Resmi SEIN A03 A04s A03s,Rp1.195.000,Jakarta Pusat,4.9,Terjual 750+,https://www.tokopedia.com/onestop-ponsel/samsung-galaxy-a04e-4-64gb-3-32gb-garansi-resmi-sein-a03-a04s-a03s-a04e-3-32-mix-non-paket?extParam=ivf%3Dfalse%26src%3Dsearch
OPPO A17 4/64 RAM 4 ROM 64 GB 4GB 64GB,Rp2.125.000,Jakarta Pusat,4.9,Terjual 500+,https://www.tokopedia.com/supergadgettt/oppo-a17-4-64-ram-4-rom-64-gb-4gb-64gb-lake-blue-enco-buds?extParam=ivf%3Dfalse%26src%3Dsearch
Xiaomi Redmi A1 3/32GB 2/32GB Redmi A1 Garansi Resmi Not Redmi 10A 10C,Rp1.051.000,Jakarta Pusat,4.9,Terjual 500+,https://www.tokopedia.com/distriponsel/xiaomi-redmi-a1-3-32gb-2-32gb-redmi-a1-garansi-resmi-not-redmi-10a-10c-2-32gb-random-non-bundle?extParam=ivf%3Dfalse%26src%3Dsearch
Samsung Galaxy A04 4/64 GB 3/32 GB Garansi Resmi Samsung A04 Not A03,Rp1.526.000,Jakarta Pusat,4.9,Terjual 250+,https://www.tokopedia.com/distriponsel/samsung-galaxy-a04-4-64-gb-3-32-gb-garansi-resmi-samsung-a04-not-a03-a04-4-64-black-non-bundle?extParam=ivf%3Dfalse%26src%3Dsearch
Xiaomi Redmi 10 2022 6/128 GB Garansi Resmi [FLASH SALE],Rp2.599.000,Jakarta Pusat,5.0,Terjual 1 rb+,https://www.tokopedia.com/gudang-hp/xiaomi-redmi-10-2022-6-128-gb-garansi-resmi-flash-sale-promo?extParam=ivf%3Dfalse%26src%3Dsearch
Infinix Hot 12i 4/64 GB Garansi Resmi,Rp1.390.000,Jakarta Pusat,5.0,Terjual 4 rb+,https://www.tokopedia.com/psonlineofficialstore/infinix-hot-12i-4-64-gb-garansi-resmi-random-fs?extParam=ivf%3Dfalse%26src%3Dsearch
Samsung A04e 3/32 GB Garansi Resmi SEIN,Rp1.215.000,Jakarta Pusat,5.0,Terjual 1 rb+,https://www.tokopedia.com/gudang-hp/samsung-a04e-3-32-gb-garansi-resmi-sein-hitam?extParam=ivf%3Dfalse%26src%3Dsearch
Samsung Galaxy A23 6/128 Garansi Resmi,Rp3.013.000,Jakarta Pusat,5.0,Terjual 500+,https://www.tokopedia.com/jikalaku/samsung-galaxy-a23-6-128-garansi-resmi-peach?extParam=ivf%3Dfalse%26src%3Dsearch
PROMO Redmi 10 2022 4/64 GB Xiaomi Garansi Resmi,Rp1.899.000,Jakarta Pusat,5.0,Terjual 2 rb+,https://www.tokopedia.com/jikalaku/promo-redmi-10-2022-4-64-gb-xiaomi-garansi-resmi-grey?extParam=ivf%3Dfalse%26src%3Dsearch
Xiaomi Poco M4 Pro 8/256 GB Garansi Resmi [FLASH SALE],Rp3.499.000,Jakarta Pusat,4.9,Terjual 1 rb+,https://www.tokopedia.com/gudang-hp/xiaomi-poco-m4-pro-8-256-gb-garansi-resmi-flash-sale-promo?extParam=ivf%3Dfalse%26src%3Dsearch
Xiaomi Redmi 10C 4/128 GB Garansi Resmi Xiaomi Indonesia,Rp1.852.000,Jakarta Pusat,5.0,Terjual 1 rb+,https://www.tokopedia.com/garasii/xiaomi-redmi-10c-4-128-gb-garansi-resmi-xiaomi-indonesia-promo?extParam=ivf%3Dfalse%26src%3Dsearch
Xiaomi Poco M4 Pro 6/128 GB Garansi Resmi,Rp2.779.000,Jakarta Pusat,5.0,Terjual 2 rb+,https://www.tokopedia.com/psonlineofficialstore/xiaomi-poco-m4-pro-6-128-gb-garansi-resmi-hitam?extParam=ivf%3Dfalse%26src%3Dsearch
Xiaomi Redmi A1 3/32 GB Garansi Resmi [FLASH SALE],Rp1.499.000,Jakarta Pusat,5.0,Terjual 750+,https://www.tokopedia.com/gudang-hp/xiaomi-redmi-a1-3-32-gb-garansi-resmi-flash-sale-promo?extParam=ivf%3Dfalse%26src%3Dsearch
Realme Narzo 50A 4/128 GB 4/64 GB Garansi Resmi Not Narzo 20 Pro,Rp1.604.000,Jakarta Pusat,5.0,Terjual 500+,https://www.tokopedia.com/onestop-ponsel/realme-narzo-50a-4-128-gb-4-64-gb-garansi-resmi-not-narzo-20-pro-4-64-blue-non-bundling?extParam=ivf%3Dfalse%26src%3Dsearch
PROMO Xiaomi Redmi 10 5G,Rp2.363.000,Jakarta Pusat,5.0,Terjual 250+,https://www.tokopedia.com/jikalaku/promo-xiaomi-redmi-10-5g-graphite-gray-6-128gb?extParam=ivf%3Dfalse%26src%3Dsearch
Xiaomi 12T 5G 8/256 GB - Garansi Resmi Xiaomi Indonesia,Rp6.349.000,Jakarta Utara,5.0,Terjual 250+,https://www.tokopedia.com/universestore/xiaomi-12t-5g-8-256-gb-garansi-resmi-xiaomi-indonesia-blue?extParam=ivf%3Dfalse%26src%3Dsearch
Xiaomi Redmi Note 10 5G 4/128 GB Garansi Resmi,Rp2.364.000,Jakarta Pusat,5.0,Terjual 250+,https://www.tokopedia.com/jikalaku/xiaomi-redmi-note-10-5g-4-128-gb-garansi-resmi-green?extParam=ivf%3Dfalse%26src%3Dsearch
Infinix Note 12 2023 8/128 GB Garansi Resmi,Rp2.545.000,Jakarta Pusat,5.0,Terjual 100+,https://www.tokopedia.com/gudang-hp/infinix-note-12-2023-8-128-gb-garansi-resmi-putih?extParam=ivf%3Dfalse%26src%3Dsearch
PROMO Samsung Galaxy A04s 4/64GB Garansi Resmi,Rp1.810.000,Jakarta Pusat,4.9,Terjual 1 rb+,https://www.tokopedia.com/jikalaku/promo-samsung-galaxy-a04s-4-64gb-garansi-resmi-cooper?extParam=ivf%3Dfalse%26src%3Dsearch
Xiaomi Redmi Note 11 Pro 5G 8/128 GB Garansi Resmi,Rp3.904.000,Jakarta Pusat,5.0,Terjual 1 rb+,https://www.tokopedia.com/gudang-hp/xiaomi-redmi-note-11-pro-5g-8-128-gb-garansi-resmi-putih?extParam=ivf%3Dfalse%26src%3Dsearch
OPPO A57 5G 8/128 GB 4/64 GB Garansi Resmi Oppo A57 2022 Not A16 A95,Rp2.046.000,Jakarta Pusat,4.8,Terjual 4 rb+,https://www.tokopedia.com/distriponsel/oppo-a57-5g-8-128-gb-4-64-gb-garansi-resmi-oppo-a57-2022-not-a16-a95-non-bundle-4-64-4g-random?extParam=ivf%3Dfalse%26src%3Dsearch
FS!!! XIAOMI REDMI 9C 4/64 GARANSI RESMI,Rp1.410.000,Jakarta Pusat,5.0,Terjual 2 rb+,https://www.tokopedia.com/jikalaku/fs-xiaomi-redmi-9c-4-64-garansi-resmi-purple?extParam=ivf%3Dfalse%26src%3Dsearch
Xiaomi Redmi Pad 6/128GB Garansi Resmi,Rp3.304.000,Jakarta Pusat,4.9,Terjual 100+,https://www.tokopedia.com/pandawatiga/xiaomi-redmi-pad-6-128gb-garansi-resmi-monlight-silver?extParam=ivf%3Dfalse%26src%3Dsearch
Vivo Y22 4/64Gb+6/128Gb Garansi Resmi,Rp2.027.000,Jakarta Selatan,5.0,Terjual 1 rb+,https://www.tokopedia.com/murahmeriah9/vivo-y22-4-64gb-6-128gb-garansi-resmi-4-64-blue-promo?extParam=ivf%3Dfalse%26src%3Dsearch
Apple iPhone 14 Pro Max 5G 1TB 512GB 256GB 128GB Black Purple ProMax,Rp21.939.000,Jakarta Pusat,4.9,Terjual 250+,https://www.tokopedia.com/studioponsel/apple-iphone-14-pro-max-5g-1tb-512gb-256gb-128gb-black-purple-promax-128gb-gold?extParam=ivf%3Dfalse%26src%3Dsearch
Samsung Galaxy A33 5G 8/256 GB Garansi Resmi SEIN,Rp4.733.000,Jakarta Pusat,5.0,Terjual 1 rb+,https://www.tokopedia.com/gudang-hp/samsung-galaxy-a33-5g-8-256-gb-garansi-resmi-sein-biru?extParam=ivf%3Dfalse%26src%3Dsearch
Samsung Galaxy S21 FE 8/128 8/256 GB RAM 8 ROM 128 256 Handphone,Rp8.239.000,Jakarta Pusat,4.9,Terjual 750+,https://www.tokopedia.com/supergadgettt/samsung-galaxy-s21-fe-8-128-8-256-gb-ram-8-rom-128-256-handphone-green-8-256gb?extParam=ivf%3Dfalse%26src%3Dsearch
Samsung Galaxy A04 4/64 GB Garansi Resmi SEIN [FLASH SALE],Rp1.899.000,Jakarta Pusat,5.0,Terjual 500+,https://www.tokopedia.com/gudang-hp/samsung-galaxy-a04-4-64-gb-garansi-resmi-sein-flash-sale-promo?extParam=ivf%3Dfalse%26src%3Dsearch
Apple iPhone 11 IBOX Dual Sim 64GB 128GB 256GB Black White Red Purple,Rp7.549.000,Jakarta Pusat,4.9,Terjual 500+,https://www.tokopedia.com/studioponsel/apple-iphone-11-ibox-dual-sim-64gb-128gb-256gb-black-white-red-purple-64gb-ibox-black?extParam=ivf%3Dfalse%26src%3Dsearch
Apple iPhone 14 Pro 5G 1TB 512GB 256GB 128GB Black SIlver Gold Purple,Rp19.989.000,Jakarta Pusat,4.9,Terjual 250+,https://www.tokopedia.com/studioponsel/apple-iphone-14-pro-5g-1tb-512gb-256gb-128gb-black-silver-gold-purple-128gb-gold?extParam=ivf%3Dfalse%26src%3Dsearch
Xiaomi Mi 12T 8/256 GB Garansi Resmi Xiaomi 12T 8 GB 256 GB Not Mi 11t,Rp6.149.000,Jakarta Pusat,4.9,Terjual 100+,https://www.tokopedia.com/distriponsel/xiaomi-mi-12t-8-256-gb-garansi-resmi-xiaomi-12t-8-gb-256-gb-not-mi-11t-8-256gb-random-non-bundle?extParam=ivf%3Dfalse%26src%3Dsearch
Realme C33 (3/32+4/64) Garansi Resmi,Rp1.419.000,Jakarta Selatan,4.9,Terjual 1 rb+,https://www.tokopedia.com/murahmeriah9/realme-c33-3-32-4-64-garansi-resmi-3-32-blue-promo?extParam=ivf%3Dfalse%26src%3Dsearch
Infinix Note 12 2023 8/128GB + 8/256GB Garansi Resmi,Rp2.599.000,Jakarta Barat,5.0,Terjual 2 rb+,https://www.tokopedia.com/duniagadgetku/infinix-note-12-2023-8-128gb-8-256gb-garansi-resmi-8-128-blue?extParam=ivf%3Dfalse%26src%3Dsearch
Infinix Hot 12i 4/64 GB Garansi Resmi,Rp1.477.000,Jakarta Barat,5.0,Terjual 4 rb+,https://www.tokopedia.com/duniagadgetku/infinix-hot-12i-4-64-gb-garansi-resmi-4-64-green?extParam=ivf%3Dfalse%26src%3Dsearch
vivo Y1s [2/32] RAM 2GB ROM 32GB Olive Black,Rp1.201.000,Kab. Tangerang,5.0,Terjual 100+,https://ta.tokopedia.com/promo/v1/clicks/8a-xgVY2gmUEH_Kao_HhH_1abm-xgVY789CBUsthbm-FQRo2PcB5QiUEH_yDUSz2Q31i6sJfop1NHpJFH_UDUMoFyaUEH_1OHmFiqfuNPfYagVY2gmUEHsypHpnfHA1OHiFiy3zwrfo5rM1i6seFoadfHsJfHpJNosyFo_r7bm-pHOYDQfri6i-B812kgJxGgBBXZSgjH7NDZ325q1OAZ9o-Q1dFyfFN8B29zSBgHMP2_fB-8Jhk_92o8jOE_92o8jOE_92o8jOE_92uq1hAZS-q3cFpysoGqOKp_M2iH72DZ325q1OAoIxo8B1a_32uq1hAZSuiHsuk3Bo-ojBk1Mhoqj1F_MOz8Jh11MOqqMP7_jzo8jONHAz68B1p_VPz81Oke9PquJ1p3_-qQVB2Z9o-Q_BNyuPjrc-D63Wq3J-MyuPzq1Y2Z9P-q9P2ysoGrVtaQIuyH7-Nys-ZHujp1MgxuOV2_fB-P7B2PfBiH72F3s-DPuKp_MYiH7-MyuPzq1Y2Z9P-q9P2yOx3QcoXQcgjz7gXyRB-ojBX1SzMZIxagJyNq3oW63xqe7BpZ3N6qMUpZMhyHj2Nysoj8B2_Z_g-qjV2_JoG8Bja69BqusBE3BPc8ujagfBvq1BE_92gP1OkZ_V68B1F_1zzoJY1gRxoqjO2gBJYvZUDUSupg9-wq3ei6iUFUiFirfuprfB5QBY2gmUEUsUN_B2j9pPagVzp_p-ae1PprpBv8J2grch5g7WtqpV3z7NvzACH8MW-P7YwgszXuctRujWBPI-JqBxAHOzxHf-juJhEruYJruPHgjO6guziu7u2b1FpQcOIuMobr7ukrBgqHchzeOoxQVgRef-Ez9yNz_xiZJHNqcuG__PkQ9eRUiFiy3hSUstiqRzwyS-5y3zwPc7ibm-XP3Oig9-wQfgwy3zpUstaHmFiQSuWyMua9fVjrOYag9Ji6sUFbm-sy9zwq3zpUs2Qos1DHseDHpnOoV7DUMNwyfVXgcBjy9zB9fVjraUEH_eFbm-xyBY7g9o7Usti_iUDUSC5rRzwy3hSUstiyRCs9RotQRCwP3NhUiFiPMuarfB5QiUEUSyaUiFiyfV7g3P5rSBwrRuSgfupPVYxPIzaq3-OPc1i6BDiHseibmUpHA17UiFiHpnO6mUDUsHFo_1ibmUpHArpUiFiHpnOoi-Pbm-SrMYOrVYpPI-xPcuS8ZUE3pJDHB7DUS-BQcufy3NsguYpyfYagZUEHmdd6Anh6AKFH_HhoAJFHAUpbm-FrMBsguYiq3ei6sJOo_nDUMP5y3hwq3ei6sUDUMg2QMVD9R-BQI-xQMWwy3zpyfYagZUEopydbsyposUfopedHpH76AJDUSVOg9-N9R-BQI-xQMWwrfo5rM1i6snX6AKOosyhH_HF6AUdosKF6I7?management_type=1&page=1&dv=desktop&is_search=1&keywords=handphone&ob=23&t=desktop&r=https%3A%2F%2Fwww.tokopedia.com%2Fvivo%2Fvivo-y1s-2-32-ram-2gb-rom-32gb-olive-black%3FextParam%3Divf%253Dfalse%26src%3Dtopads&src=search
Oppo A77s Smartphone (8/128GB) Garansi Resmi,Rp3.499.000,Jakarta Pusat,5.0,Terjual 3,https://ta.tokopedia.com/promo/v1/clicks/8a-xgVY2gmUEH_r7o_y76_HFbm-xgVY789CBUsthbm-FQRo2PcB5QiUEH_rDUSz2Q31i6sJfop1NHpJFH_UDUMoFyaUE6_nFbm-0g9BRQR-j9fBjUstaosHa6_ehHAJabm-xgVYpyfYagZUEHpjpbsUaop1dHsrfos1F6ArDUSHp9fh5gaUEUMuNZM2jZJ2M33NGPMep_Mh-qMY2_1o-r7BW_sCsQABE3BPc8ujagfBvq1BRZ3BRq3JausujHsBN3jyN8Bja69Bq17jfZ32CP1OJypz68Bu2_JoGP3Uao32q17jfZ32ZQJOkz_C6QuVd_VzZQu2kgRz6zJOE_9jFoJNEu_oHuOVN_32CPO21z_ogHB2D33B-r7BW69BxufzFyMFNqO2yeMgxuOV2_fB-P7B2PfBiH72F3s-DPuKpeSBiHBUh3_oZgMV913Bvq1BRZ3BRq3UpZSCqHMhO3Ao6QfUpeMgxuOV2_fB-P7B2PfBs3VgDyfNDgMzIzMNs81jfZ3NZPcgU8I-jzsB2yf7NqV2AZ9o-QjNkysoGQVKaZSBiHfzE3Bo-ojBke3BHe72E3_UN8u23692qu7gN3_-Sq1Y2Z92oqBVO_92u81YJu_-ozcPR_7zzo1OE13BM1_7YUiFiP9oBrBY2gmUEUsnibm-pg9opq3YX9fBjUstiHsB63MzwoR-juIovHS-CzRop61YdZBBFQcYSZfx0HugI_jYJHJhEq7BR_OYMocN1qsP3Zfu7rjzk3JHpucJpyMz1_I2h97zhu7hM_1NBuc-9z3jW_AoDQ1P3y7Wpz32auBtFQVVA1fVDuSPAyS2VPsBV6c-UepBtg12oof2WPAribm-xQcri6i-0PVYirMYxgVY7QZUDUMNOQ3-BrBY5gBYxgIHi6sUFbm-XP3Oig9-wy3zp9R-BrZUEHsnDUMoxPVY2gIHi6BDfoZFaomFpHA179ZFiQBYsy3Njq3zxPcuwy3zpUsthoAnDUMVi9RzBrRei6i-6UiFircYpPVYxQcri6i-srcowrfx5rVYOQSJibm-fg9-pq3YXUstiPsUibm-sy9zBgfYa8uYpP3PSg9o79fV7PI-2ySu7gZUE3aUaomUDUsHFo_eibmUpHA1dUiFiHpnOoZUDUsHFopHibmUpHA1fUB7DUMPaQRuF9Ro7rMV7g3PNUs2QHZFa9ZFirMuDg9gxQMoB9RosQR-BUstFbsjFosHRopyRosraHpyfosjDUSCaq3oB9f-2gmUE6_nFbm-SQfVD9fBjUstabm-Mq3NxQVYag3hay3N09fVjrfo5rM1i6srOHmdFoAHpopnOH_ehosURbm-hP3ua8uYag3hay3N09RosQR-BUstFbsjFopeFHsr7oAHaopyp6_gY?t=desktop&r=https%3A%2F%2Fwww.tokopedia.com%2Fglobal-teleshop%2Foppo-a77s-smartphone-8-128gb-garansi-resmi-orange%3FextParam%3Divf%253Dfalse%26src%3Dtopads&is_search=1&page=1&management_type=1&dv=desktop&src=search&ob=23&keywords=handphone
Realme 8 pro 8/128 GB Garansi Resmi - 8/128 Blue,Rp3.299.000,Jakarta Barat,5.0,Terjual 100+,https://ta.tokopedia.com/promo/v1/clicks/8a-xgVY2gmUEH_rN6AeNHsrdbm-xgVY789CBUsthbm-FQRo2PcB5QiUEH_KDUSz2Q31i6sJfop1NHpJFH_UDUMoFyaUEopnFbm-0g9BRQR-j9fBjUstaosJOo_j7opeFbm-xgVYpyfYagZUEoAnObs1RHAydHAehHpKd6AKDUSHp9fh5gaUEUMuNZM2jZJ2M33NGPMep_Mh-qMY2_1o-r7BW_sCsQABE3BPc8ujagfBvq1jF_c2VHjNk3_-6qBja_M2gHjNk3_-6q1BpZ3O7QcuygIgsQu-Myp-6PMoWu3Bvq1BR_c2CHjO1Z_CvucDO_Oz0o1Y1qpuvucDOZ3BRq3-W69ugHBu2_fB-HV21Z9x6zV20_uHFHV2W3_zHuVVE_92oPJYJypV68_V0_32-P7OIu9x6HjNW3BP-q1hAZSgsQ3hXyurOgB2IuSPyHMh0Z325q1OAZ9o-Q_BNyuPjrc-D69PsQ_B0gVP6HVKaQcW-qMY2_1o-r7BW69BxufzFyMFN8MVI69PyHMh0Z325q1OAZ9o-Qjyh3BxGouKp1MxqH7O2_fBGHc-y8AxxHO-M33NGPBB913BHe72E3_UN8u2363BsQ_jpyp-uq1Y2Z9P-q9P2yp-6PMoWuMgsHBgtyfO6Q7BkQfBo8j7F_c2u8jNJe92ouVVE_M2zHjY1yfBM1_7YUiFiP9oBrBY2gmUEUsnibm-pg9opq3YX9fBjUstiHsB63MzwoR-juIovHS-CzRop61YdZBBFQcYSZfx0HugI_jYJHJhEq7BR_OYMocN1qsP3Zfu7rjzk3JHpucJpyMz1_I2h97zhu7hM_1NBuc-9z3jW_AoDQ1P3y7Wpz32auBtFQVVA1fVDuSPAyS2VPsBV6c-UepBtg12oof2WPAribm-xQcri6i-0PVYirMYxgVY7QZUDUMNOQ3-BrBY5gBYxgIHi6sUFbm-XP3Oig9-wy3zp9R-BrZUEHsnDUMoxPVY2gIHi6BDfoZFaomFpHA179ZFiQBYsy3Njq3zxPcuwy3zpUsthoAnDUMVi9RzBrRei6i-6UiFircYpPVYxQcri6i-srcowrfx5rVYOQSJibm-fg9-pq3YXUstiPsUibm-sy9zBgfYa8uYpP3PSg9o79fV7PI-2ySu7gZUE3aUaomUDUsHFo_eibmUpHA1dUiFiHpnOoZUDUsHFopHibmUpHA1fUB7DUMPaQRuF9Ro7rMV7g3PNUs2QHZFa9ZFirMuDg9gxQMoB9RosQR-BUstFbsjhosyp6_HRHs1aH_jpopUDUSCaq3oB9f-2gmUEopnFbm-SQfVD9fBjUstabm-Mq3NxQVYag3hay3N09fVjrfo5rM1i6sr76mddo_ydHpjfHsyfosjabm-hP3ua8uYag3hay3N09RosQR-BUstFbsK7oseaopeOo_jFo_jf6AzY?dv=desktop&keywords=handphone&t=desktop&r=https%3A%2F%2Fwww.tokopedia.com%2Fduniagadgetku%2Frealme-8-pro-8-128-gb-garansi-resmi-8-128-blue%3FextParam%3Divf%253Dfalse%26src%3Dtopads&management_type=1&src=search&is_search=1&page=1&ob=23
Samsung Galaxy A33 5G 6/128 8/128 8/256 GB 6 8 128 6GB 8GB 128GB 256GB,Rp4.280.000,Jakarta Utara,4.9,Terjual 250+,https://ta.tokopedia.com/promo/v1/clicks/8a-xgVY2gmUEH_yOo_HN6AHpbm-xgVY789CBUsthbm-FQRo2PcB5QiUEH_jDUSz2Q31i6sJfop1NHpJFH_UDUMoFyaUE6AnFbm-0g9BRQR-j9fBjUstaosUFH_Hp6_eFbm-xgVYpyfYagZUEoAJFbsjaHAKd6A1RHp1aHpj7bm-pHOYDQfri6i-B812kgJxGgBBXZSgjH7NDZ325q1OAZ9o-Q1dFyfFN8B29zSBgHMP2_fB-8jhke_uozJuN_7zsH1N1__-6zcPR_M2sq1hAZS-q3cFpysoGqOKp_M2iH72DZ325q1OAoIP681BpZ37OPM-W_Mh-qMY2_jPu81O11_-qzJu7_jPqQ1YAHACo8jOE_VzSH7N1yRzqzJBN_1zmQJO1gc2qQug2Z3BRq3UpZSCqHMhO3A-ZQcoc69Cqe7jfZ32Cq1hAZSgsQ3hXyurOgMoUZSgqZVgkgJyNrV2AZ_g-qjV2_JoGPMoWQcNxupuMyp-tPMoc69Cqe7jfZ32Cq1hAZSxjuOgNguyNHVB9gI2-qMY2gJrh6cgIPACyHj2Nys-cq7B2PfBsHjNfyfO3gBBXZSgjH7NDZ325q1OAZ9o-QjNkysoGQVKp_Mhg3J2ky1o-ojBk_92vepeO_jzs8JOEgRx68MD7_7zsHJBXHA7ibm-Orfua9fBjUstiHmUDUSoBrRo2QfNwq3ei6iUa61NqgV4RrMz1r74arjVIrRHN_RxG39CDQfPbqcDhujP6_7eF_I20Z9Pv9fy7QBzkoOgbg9zazc2yepo1y_oigVzH8SVwzIV9_cgo_Mu1yBPVqZOHHfhWzOgsZRoVqS-33sCD11o_y3h3P7oi8juf611dyjxA63xBZj7RqMO7oaUDUMVDgaUEUMW79f-aQfVj9RzWUiFiQSuWyMua9fYM9fVjraUEHsnDUMNOQ3-BrBYxgIowrMuhUstaHmFiyfV79fBjraUE3pyObAU7bAHFo_zPbm-X9foxQMz2gcV7guYxgIHi6sJ7HmFiy3-wPcupPmUEUjdibm-FQRo79fVDgaUEUMoFyOYpqcYF9RuXrZUDUSgBrSo2Qfdi6i-fHiUDUMoxPcuSQR-N9RoOgfPBrRzwy9z7rMBiP9zBUs2QUsU7UiFiHpnOomUDUsHFo_KibmUpHA1OUiFiHpnRHaUDUsHFo_yi9ZFirMuDg9gxQMoB9RosQR-BUstFbsKao_rposHRHseNH_1aoAHDUSCaq3oB9f-2gmUE6AnFbm-SQfVD9fBjUstabm-Mq3NxQVYag3hay3N09fVjrfo5rM1i6sr76mdOopUOosJFoAJh6AJNbm-hP3ua8uYag3hay3N09RosQR-BUstFbsKaH_yNo_ndHAJ7HAndopBY?dv=desktop&r=https%3A%2F%2Fwww.tokopedia.com%2Forilink%2Fsamsung-galaxy-a33-5g-6-128-8-128-8-256-gb-6-8-128-6gb-8gb-128gb-256gb-black-8-128gb%3FextParam%3Divf%253Dfalse%26src%3Dtopads&management_type=1&page=1&ob=23&t=desktop&is_search=1&src=search&keywords=handphone
EVERCOSS M6A (RAM 4GB / ROM 32GB) - Black,Rp874.000,Jakarta Utara,4.8,Terjual 750+,https://ta.tokopedia.com/promo/v1/clicks/8a-xgVY2gmUEH_JpoAUF6AjRbm-xgVY789CBUsthbm-FQRo2PcB5QiUEHsnDUSz2Q31i6sJfop1NHpJFH_UDUMoFyaUEo_nFbm-0g9BRQR-j9fBjUstp6_HN6_1fHAjDUMVj9RosQR-BUst7HAnXopjh6AHRHAnRoAjpoprDUSHp9fh5gaUEUMuNZM2jZJ2M33NGPMep_Mh-qMY2_1o-r7BW_sCsQABE3BPc8ujagfBvq1Bd_c2uP7NEu9268Bj7_7zzHJOkZ9xo17BpZ3O7QcuygIgsQu-Myp-6PMoWu3Bvq1BR_c2CHJOEypVozJVR_1zCP7OJe9PozJVR_jo-r7BWo9giQ1NDZ325q1NIu9BouVJa3jzVPJNI3MOvepnF_92o8jh1gpo6uco73jz-81OJeMhouczk3MO3q1B2PfBiH72F3s-DPuKa1MhszsBF3jo-ojBke3BHe72fyfODQMV9o3gsZJ2f3jx3qMzc69Cqe7jfZ32Cq1hAZSgsQ3hXyurOgMHaqIgszsBF3jo-ojBke3BHe72dgVP383u36_CgufzEZ325q3zIH_xMzReF3A-G83UazMW-q9P2yp-6PMoWuMggQj2fgAo6QJBkQfBoe7BpZ3N6qMUpZMhyH7ND3uxGqMVAZ_g-qjOE_1H7H1Y1Z9BouJ7h_S20HJOEu_o-QsnYUiFiP9oBrBY2gmUEUsnibm-pg9opq3YX9fBjUstiHsB63MzwoR-juIovHS-CzRop61YdZBBFQcYSZfx0HugI_jYJHJhEq7BR_OYMocN1qsP3Zfu7rjzk3JHpucJpyMz1_I2h97zhu7hM_1NBuc-9z3jW_AoDQ1P3y7Wpz32auBtFQVVA1fVDuSPAyS2VPsBV6c-UepBtg12oof2WPAribm-xQcri6i-0PVYirMYxgVY7QZUDUMNOQ3-BrBY5gBYxgIHi6sUFbm-XP3Oig9-wy3zp9R-BrZUEHsnDUMoxPVY2gIHi6BDfoZFaomFpHA179ZFiQBYsy3Njq3zxPcuwy3zpUsthoAnDUMVi9RzBrRei6i-6UiFircYpPVYxQcri6i-srcowrfx5rVYOQSJibm-fg9-pq3YXUstiPsUibm-sy9zBgfYa8uYpP3PSg9o79fV7PI-2ySu7gZUE3aUaomUDUsHFo_eibmUpHA1dUiFiHpnOoZUDUsHFopHibmUpHA1fUB7DUS-BQcufy3NsguYpyfYagZUEHmddHse76AKOosyfHpnh6AHfbm-FrMBsguYiq3ei6s1FHmFigfYxQVY2gmUEHiFigMBXy3hwrMuDrMVXqOYxgIosQR-BUstRoAKXHsnO6AnRop1OopUaHiFir9uBrSBwrMuDrMVXqOYpyfYagZUEHmddosydH_KNopKOHA1fHse7we?src=search&page=1&r=https%3A%2F%2Fwww.tokopedia.com%2Fevercoss%2Fevercoss-m6a-ram-4gb-rom-32gb-black%3FextParam%3Divf%253Dfalse%26src%3Dtopads&is_search=1&t=desktop&keywords=handphone&dv=desktop&ob=23&management_type=1
Motorola Moto G200 5G Snapdragon 888+ 144Hz Android Smartphone,Rp8.499.000,Tangerang Selatan,,,https://ta.tokopedia.com/promo/v1/clicks/8a-xgVY2gmUEH_rR6_edo_jpbm-xgVY789CBUsthbm-FQRo2PcB5QiUEHZFiPcBWgZUEH_yRo_jpH_nd6mFiyRCsUstp6A1Fbm-0g9BRQR-j9fBjUstaHpnf6_JaHsURbm-xgVYpyfYagZUEo_Jfbs1dHA1fos17H_1ho_rDUSHp9fh5gaUEUMuNZM2jZJ2M33NGPMep_Mh-qMY2_1o-r7BW_sCsQABE3BPc8ujagfBvq1BRZ3BRq3JausujHsBN3jyN8Bja69Bq17jfZ32CP1OE__-vzcHhZ3BRq3-W69ugHBu2_fBGQJYJ3_uvzJg2_3jhQ1O9Z92HuVJh_1z-PJYJZ9P6epnp3BPo8JOJe9BqqMhk_1PVq1hAZSgsQ3hXyurOgB2IuSPyHMh0Z325q1OAZ9o-Q_BNyuPjrc-D69PsQ_B0gVP6HVKaQcW-qMY2_1o-r7BW69BxufzFyMFN8MVI69PyHMh0Z325q1OAZ9o-Qjyh3BxGouKp1MxqH7O2_fBGHc-y8AxxHO-M33NGPBB913BHe72E3_UN8u2363BsQ_jpyp-uq1Y2Z9P-q9P2yp-6PMoWuMgsHBgtyfO6Q7BkQfB6zJja_c2VP7OJZ_o68B1F_uzCHJN1yfBM1_7YUiFiP9oBrBY2gmUEUsnibm-pg9opq3YX9fBjUstiHsB63MzwoR-juIovHS-CzRop61YdZBBFQcYSZfx0HugI_jYJHJhEq7BR_OYMocN1qsP3Zfu7rjzk3JHpucJpyMz1_I2h97zhu7hM_1NBuc-9z3jW_AoDQ1P3y7Wpz32auBtFQVVA1fVDuSPAyS2VPsBV6c-UepBtg12oof2WPAribm-xQcri6i-0PVYirMYxgVY7QZUDUMNOQ3-BrBY5gBYxgIHi6sUFbm-XP3Oig9-wy3zp9R-BrZUEHsnDUMoxPVY2gIHi6BDfoZFaomFpHA179ZFiQBYsy3Njq3zxPcuwy3zpUsthoAJDUMVi9RzBrRei6i-6UiFircYpPVYxQcri6i-srcowrfx5rVYOQSJibm-fg9-pq3YXUstiPsUibm-sy9zBgfYa8uYpP3PSg9o79fV7PI-2ySu7gZUE3aUaomUDUsHFo_eibmUpHA1dUiFiHpnOoZUDUsHFopHibmUpHA1fUB7DUS-BQcufy3NsguYpyfYagZUEHmddH_rRoAyR6_yRosedo_yabm-FrMBsguYiq3ei6sHdo_nDUMP5y3hwq3ei6sUDUMg2QMVD9R-BQI-xQMWwy3zpyfYagZUE6_HhbseRopypHAeaosndoZFir9uBrSBwrMuDrMVXqOYpyfYagZUEHmddHAHhosn7H_Kao_U7oAyhwe?r=https%3A%2F%2Fwww.tokopedia.com%2Fhelloel%2Fmotorola-moto-g200-5g-snapdragon-888-144hz-android-smartphone%3FextParam%3Divf%253Dfalse%26src%3Dtopads&src=search&is_search=1&dv=desktop&keywords=handphone&ob=23&management_type=1&t=desktop&page=2
Oppo F5 4/64GB - Gold,Rp699.000,Jakarta Barat,4.8,Terjual 40+,https://ta.tokopedia.com/promo/v1/clicks/8a-xgVY2gmUEH_yF6_Hf6_UNbm-xgVY789CBUsthbm-FQRo2PcB5QiUEHiFiPcBWgZUEH_yRo_jpH_nd6mFiyRCsUsthHA1Fbm-xgVYpyfYagZUEoAJdbsydopeRopnpoAJFHAj7bm-pHOYDQfri6i-B812kgJxGgBBXZSgjH7NDZ325q1OAZ9o-Q1dFyfFN8B29zSBgHMP2_fB-P7B2PfBxHByOgAUN8u2c692gHsBN3Bo-ojBke3BHe72OysUOqB2_Z_g-Qu17_M20oJO9Z9BHuOBd332oPJNJu9Poq_n7_32CHJh1gchg8juR_1zGQ1Y9_9Pg17BpZ37N83V9gICiQAB03BxmgMV913Bvq1BRZ3BRq3UpZSCqHMhO3Aom83Ua1sVgHO-MyuPzq1Y2Z9P-q9P2ysoGrVtaQIuyH7N5ysomgMV913Bvq1BRZ3BRq3oyuMhsQMhMgJPcQMoNZ_g-Q9PN3I2-HcgU8IooQ9xfgAod6c-JzSoiHfedgjx6Hc-y8AxizJNM_92CH1NU8AxgHjB2_JoG8Bja69BqusB2yf7NHfHau3Bvq1BE_1z-P1NE3_-oqjja_32-o1YJZ_-6zJO2_JoG8Bja69BqusBE3BPc8ujagfBvq1BE_jzuP1OEu92o8MWR_BzSoJNJe92ozVV2gBJYvZUDUSupg9-wq3ei6iUFUiFirfuprfB5QBY2gmUEUsUN_B2j9pPagVzp_p-ae1PprpBv8J2grch5g7WtqpV3z7NvzACH8MW-P7YwgszXuctRujWBPI-JqBxAHOzxHf-juJhEruYJruPHgjO6guziu7u2b1FpQcOIuMobr7ukrBgqHchzeOoxQVgRef-Ez9yNz_xiZJHNqcuG__PkQ9eRUiFiy3hSUstirRzW9fFp9fFa9fFhUiFiQSuWyMua9fYM9fVjraUEHsnDUMNOQ3-BrBYxgIowrMuhUstaHmFiyfV79fBjraUE3pyObAU7bAHFo_zPbm-X9foxQMz2gcV7guYxgIHi6sJ7HZFiy3-wPcupPmUEUjdibm-FQRo79fVDgaUEUMoFyOYpqcYF9RuXrZUDUSgBrSo2Qfdi6i-fHiUDUMoDP9o7g9-wq3zwPsUi6sJd6AjNbm-sy9zBgfYa8uYpP3PSg9o79fV7PI-2ySu7gZUE3aUaomUDUsHFo_eibmUpHA1dUiFiHpnOoZUDUsHFopHibmUpHA1fUB7DUMPaQRuF9Ro7rMV7g3PNUs2QHZFa9ZFirI-2yfuwyMBjUsthHA1Fbm-SQfVD9fBjUstabm-Mq3NxQVYag3hay3N09fVjrfo5rM1i6srdoZd7osJao_np6AUhHAefbm-hP3ua8uYag3hay3N09RosQR-BUstFbsKRosnF6AefHpURHsHhHAPY?keywords=handphone&t=desktop&dv=desktop&r=https%3A%2F%2Fwww.tokopedia.com%2Fallexo%2Foppo-f5-4-64gb-gold%3FextParam%3Divf%253Dfalse%26src%3Dtopads&page=2&ob=23&is_search=1&management_type=1&src=search
Motorola Moto G60S G60 S MediaTek Helio G95 50W Android Smartphone,Rp5.199.000,Tangerang Selatan,,,https://ta.tokopedia.com/promo/v1/clicks/8a-xgVY2gmUEH_rR6_edo_jhbm-xgVY789CBUsthbm-FQRo2PcB5QiUEHaFiPcBWgZUEH_yRo_jpH_nd6mFiyRCsUstp6A1Fbm-0g9BRQR-j9fBjUstaHpnf6_JaHsURbm-xgVYpyfYagZUEo_nhbsnRHpepoAjdo_HaH_nfbm-pHOYDQfri6i-B812kgJxGgBBXZSgjH7NDZ325q1OAZ9o-Q1dFyfFN8B29zSBgHMP2_fB-P7B2PfBxHByOgAUN8u2c692gHsBN3Bo-ojBke9uo8j7a_7zsH1B2PfBiQ_BO3_-uq1Y2ZMhvzVjO_7zcq1O2H3Oou7BE_VzzH1OJZ9zvzJBR_jHFHO29_9xozJVN3M2DqjOIz3BHe72fyfODQMV9o3gqzOgR3A-Dq7BkQfBoe7BpZ37N83V9gICiQABRyf7Nqfz9_sCyHMh0Z325q1OAZ9o-Q_BNyuPjrc-D692xzpBR3A-Dq7BkQfBoe7BpZ3NcHu2yZsuyHO-t3sooq1Y2ZsCi3IKdy_oZgBBXZSgguOV2_JoG8Bja69BqusB2yf7NHfHau3Bvq1BRZ3BRq3Ha_SgsQugMyp-3qcoW_MY-qMY2_jzV8jhk_9PvuJjh_M2VoJOk3_VvzcDFZ3dFvZUDUSupg9-wq3ei6iUFUiFirfuprfB5QBY2gmUEUsUN_B2j9pPagVzp_p-ae1PprpBv8J2grch5g7WtqpV3z7NvzACH8MW-P7YwgszXuctRujWBPI-JqBxAHOzxHf-juJhEruYJruPHgjO6guziu7u2b1FpQcOIuMobr7ukrBgqHchzeOoxQVgRef-Ez9yNz_xiZJHNqcuG__PkQ9eRUiFiy3hSUstiqRzwyS-5y3zwPc7ibm-XP3Oig9-wQfgwy3zpUstaHmFiQSuWyMua9fVjrOYag9Ji6sUFbm-sy9zwq3zpUs2Qos1DHseDHpnOoV7DUMNwyfVXgcBjy9zB9fVjraUEH_ehbm-xyBY7g9o7Usti_iUDUSC5rRzwy3hSUstiyRCs9RotQRCwP3NhUiFiPMuarfB5QiUEUSyaUiFiyfV7g3P5rSBwrRuSgfupPVYxPIzaq3-OPc1i6BDiHseibmUpHA17UiFiHpnO6mUDUsHFo_1ibmUpHArpUiFiHpnOoi-Pbm-ag3hBPMVXyfuwrfo5rM1i6snXoprNHsyR6AyOosnfo_J7HZFirI-2yfuwyMBjUstp6A1Fbm-SQfVD9fBjUstabm-Mq3NxQVYag3hay3N09fVjrfo5rM1i6sjpHmda6AHF6_jRHsedH_jhbm-hP3ua8uYag3hay3N09RosQR-BUstFbsKOos1dHAHfHsKaHAyhoAPY?t=desktop&dv=desktop&page=2&keywords=handphone&management_type=1&src=search&ob=23&r=https%3A%2F%2Fwww.tokopedia.com%2Fhelloel%2Fmotorola-moto-g60s-g60-s-mediatek-helio-g95-50w-android-smartphone-ink-blue%3FextParam%3Divf%253Dfalse%26src%3Dtopads&is_search=1
Samsung Galaxy A23 6/128 RAM 6 ROM 128 GB 6GB 128GB,Rp3.017.000,Jakarta Utara,4.9,Terjual 250+,https://ta.tokopedia.com/promo/v1/clicks/8a-xgVY2gmUEH_eNHseaHs1fbm-xgVY789CBUsthbm-FQRo2PcB5QiUEomFiPcBWgZUEH_yRo_jpH_nd6mFiyRCsUstRo_nDUMWB89P5rMzwq3ei6sUfHsnhopraoAyDUMVj9RosQR-BUst7HsJXo_rfo_eRHpyOos1fH_1DUSHp9fh5gaUEUMuNZM2jZJ2M33NGPMep_Mh-qMY2_1o-r7BW_sCsQABE3BPc8ujagfBvq1BN_c2soJNke9BozVJF_uzSP7Nkypuoq1BpZ3O7QcuygIgsQu-Myp-6PMoWu3Bvq1BR_c2CHjN139B617BpZ37OPM-W_Mh-qMY23BzSHjY1gRxgqjB73M2cq1ONHAC6uJVN_VzS81OJ19z6HBgk_uzCP7OW3_ug8j-tZ3BRq3UpZSCqHMhO3A-ZQcoc69Cqe7jfZ32Cq1hAZSgsQ3hXyurOgMoUZSgqZVgkgJyNrV2AZ_g-qjV2_JoGPMoWQcNxupuMyp-tPMoc69Cqe7jfZ32Cq1hAZSxjuOgNguyNHVB9gI2-qMY2gJrh6cgIPACyHj2Nys-cq7B2PfBsHjNfyfO3gBBXZSgjH7NDZ325q1OAZ9o-QjNkysoGQVKp_Mhg3J2ky1o-ojBk__C68_ep_92gHJOE__VoqBJa_S2oHJBXHA7ibm-Orfua9fBjUstiHmUDUSoBrRo2QfNwq3ei6iUa61NqgV4RrMz1r74arjVIrRHN_RxG39CDQfPbqcDhujP6_7eF_I20Z9Pv9fy7QBzkoOgbg9zazc2yepo1y_oigVzH8SVwzIV9_cgo_Mu1yBPVqZOHHfhWzOgsZRoVqS-33sCD11o_y3h3P7oi8juf611dyjxA63xBZj7RqMO7oaUDUMVDgaUEUMW79f-aQfVj9RzWUiFiQSuWyMua9fYM9fVjraUEHsnDUMNOQ3-BrBYxgIowrMuhUstaHmFiyfV79fBjraUE3pyObAU7bAHFo_zPbm-X9foxQMz2gcV7guYxgIHi6sJ7HZFiy3-wPcupPmUEUjdibm-FQRo79fVDgaUEUMoFyOYpqcYF9RuXrZUDUSgBrSo2Qfdi6i-fHiUDUMoxPcuSQR-N9RoOgfPBrRzwy9z7rMBiP9zBUs2QUsU7UiFiHpnOomUDUsHFo_KibmUpHA1OUiFiHpnRHaUDUsHFo_yi9ZFirMuDg9gxQMoB9RosQR-BUstFbsKdH_UNH_r7HArOHsJfHArDUSCaq3oB9f-2gmUEop1Fbm-SQfVD9fBjUstabm-Mq3NxQVYag3hay3N09fVjrfo5rM1i6srdomd76AndHsJNHAypHA1DUSVOg9-N9R-BQI-xQMWwrfo5rM1i6snX6AyF6AUfo_UOo_jp6AjRHS7?keywords=handphone&ob=23&page=2&r=https%3A%2F%2Fwww.tokopedia.com%2Forilink%2Fsamsung-galaxy-a23-6-128-ram-6-rom-128-gb-6gb-128gb-black-6-128gb%3FextParam%3Divf%253Dfalse%26src%3Dtopads&src=search&is_search=1&management_type=1&t=desktop&dv=desktop
Motorola Edge30 Edge 30 5G SNAPDRAGON 778G+ Android Smartphone,Rp8.399.000,Tangerang Selatan,,,https://ta.tokopedia.com/promo/v1/clicks/8a-xgVY2gmUEH_rR6_edo_jabm-xgVY789CBUsthbm-FQRo2PcB5QiUEoZFiPcBWgZUEH_yRo_jpH_nd6mFiyRCsUstp6A1Fbm-0g9BRQR-j9fBjUstaHpnf6_JaHsURbm-xgVYpyfYagZUEo_JObsrf6_jdHAeNHpUpbm-pHOYDQfri6i-B812kgJxGgBBXZSgjH7NDZ325q1OAZ9o-Q1dFyfFN8B29zSBgHMP2_fB-P7B2PfBxHByOgAUN8u2c692gHsBN3Bo-ojBke9uo8j7a_7zsH1B2PfBiQ_BO3_-uq1Y2ZMhvzVjO_7zcq1O2H3Oou7BE_VzzH1OJZ9zvzJBR_jHFHO29_9xozJVN3M2DqjOIz3BHe72fyfODQMV9o3gqzOgR3A-Dq7BkQfBoe7BpZ37N83V9gICiQABRyf7Nqfz9_sCyHMh0Z325q1OAZ9o-Q_BNyuPjrc-D692xzpBR3A-Dq7BkQfBoe7BpZ3NcHu2yZsuyHO-t3sooq1Y2ZsCi3IKdy_oZgBBXZSgguOV2_JoG8Bja69BqusB2yf7NHfHau3Bvq1BRZ3BRq3Ha_SgsQugMyp-3qcoW_MY-qMY2_jz-H1hk192ouVja_S2u81Nk192ozJ1hZ3dFvZUDUSupg9-wq3ei6iUFUiFirfuprfB5QBY2gmUEUsUN_B2j9pPagVzp_p-ae1PprpBv8J2grch5g7WtqpV3z7NvzACH8MW-P7YwgszXuctRujWBPI-JqBxAHOzxHf-juJhEruYJruPHgjO6guziu7u2b1FpQcOIuMobr7ukrBgqHchzeOoxQVgRef-Ez9yNz_xiZJHNqcuG__PkQ9eRUiFiy3hSUstiqRzwyS-5y3zwPc7ibm-XP3Oig9-wQfgwy3zpUstaHmFiQSuWyMua9fVjrOYag9Ji6sUFbm-sy9zwq3zpUs2Qos1DHseDHpnOoV7DUMNwyfVXgcBjy9zB9fVjraUEH_ehbm-xyBY7g9o7Usti_iUDUSC5rRzwy3hSUstiyRCs9RotQRCwP3NhUiFiPMuarfB5QiUEUSyaUiFiyfV7g3P5rSBwrRuSgfupPVYxPIzaq3-OPc1i6BDiHseibmUpHA17UiFiHpnO6mUDUsHFo_1ibmUpHArpUiFiHpnOoi-Pbm-ag3hBPMVXyfuwrfo5rM1i6snX6AJN6AJOH_jNopKaopnNoaFirI-2yfuwyMBjUstp6A1Fbm-SQfVD9fBjUstabm-Mq3NxQVYag3hay3N09fVjrfo5rM1i6sjaoadRHAyOHprF6_KfHpHfbm-hP3ua8uYag3hay3N09RosQR-BUstFbsrN6AydHsyNHsUOoseRoR7?src=search&management_type=1&keywords=handphone&dv=desktop&is_search=1&r=https%3A%2F%2Fwww.tokopedia.com%2Fhelloel%2Fmotorola-edge30-edge-30-5g-snapdragon-778g-android-smartphone%3FextParam%3Divf%253Dfalse%26src%3Dtopads&page=2&ob=23&t=desktop
Xiaomi Redmi 10 4/64 GB + 6/128 GB Garansi Resmi,Rp1.849.000,Jakarta Barat,5.0,Terjual 4 rb+,https://www.tokopedia.com/duniagadgetku/xiaomi-redmi-10-4-64-gb-6-128-gb-garansi-resmi-4-64-white?extParam=ivf%3Dfalse%26src%3Dsearch
Vivo Y16 3/64 GB 3/32 GB Garansi Resmi Not Vivo Y15s Y21s Y01 Y33s,Rp1.428.000,Jakarta Pusat,4.9,Terjual 1 rb+,https://www.tokopedia.com/distriponsel/vivo-y16-3-64-gb-3-32-gb-garansi-resmi-not-vivo-y15s-y21s-y01-y33s-non-bundle-y15s-3-32-blue?extParam=ivf%3Dfalse%26src%3Dsearch
iPhone 14 Promax Garansi Resmi,Rp33.350.000,Jakarta Barat,5.0,Terjual 250+,https://www.tokopedia.com/ptpratamasemesta/iphone-14-promax-garansi-resmi-1tb-space-black?extParam=ivf%3Dfalse%26src%3Dsearch
Samsung Galaxy A04e 3/32 Garansi Resmi Sein Tam FS,Rp1.190.000,Jakarta Selatan,4.9,Terjual 1 rb+,https://www.tokopedia.com/murahmeriah9/samsung-galaxy-a04e-3-32-garansi-resmi-sein-tam-fs-3-32-copper-promo?extParam=ivf%3Dfalse%26src%3Dsearch
Xiaomi Poco F4 8/256 GB Garansi Resmi,Rp5.431.000,Jakarta Pusat,5.0,Terjual 750+,https://www.tokopedia.com/gudang-hp/xiaomi-poco-f4-8-256-gb-garansi-resmi-hitam?extParam=ivf%3Dfalse%26src%3Dsearch
Infinix Note 12i 2022 - 6.7'' Large Amoled FHD 6/128 GB Extended Ram,Rp2.089.000,Jakarta Utara,4.9,Terjual 250+,https://www.tokopedia.com/officialinfinix/infinix-note-12i-2022-6-7-large-amoled-fhd-6-128-gb-extended-ram-putih?extParam=ivf%3Dfalse%26src%3Dsearch
Infinix Hot 20i 4/64GB + 4/128GB [RAM 4GB + 3GB EXTEND] Garansi Resmi,Rp1.429.000,Jakarta Barat,5.0,Terjual 4 rb+,https://www.tokopedia.com/duniagadgetku/infinix-hot-20i-4-64gb-4-128gb-ram-4gb-3gb-extend-garansi-resmi-4-64-black?extParam=ivf%3Dfalse%26src%3Dsearch
Xiaomi Redmi Note 11 4/128 GB Garansi Resmi [FLASH SALE],Rp2.204.000,Jakarta Pusat,4.9,Terjual 1 rb+,https://www.tokopedia.com/gudang-hp/xiaomi-redmi-note-11-4-128-gb-garansi-resmi-flash-sale-promo-fs?extParam=ivf%3Dfalse%26src%3Dsearch
Infinix Hot 20s 8/128 GB Garansi Resmi,Rp2.329.000,Jakarta Barat,5.0,Terjual 2 rb+,https://www.tokopedia.com/duniagadgetku/infinix-hot-20s-8-128-gb-garansi-resmi-8-128-black?extParam=ivf%3Dfalse%26src%3Dsearch
Samsung Galaxy A53 5G 8/128 GB Garansi Resmi SEIN,Rp5.385.000,Jakarta Pusat,5.0,Terjual 1 rb+,https://www.tokopedia.com/gudang-hp/samsung-galaxy-a53-5g-8-128-gb-garansi-resmi-sein-hitam?extParam=ivf%3Dfalse%26src%3Dsearch
iPhone 11 ( Ram 4/64GB ) - Garansi Resmi,Rp7.499.000,Makassar,5.0,Terjual 7,https://ta.tokopedia.com/promo/v1/clicks/8a-xgVY2gmUEH_r7osjRo_UNbm-xgVY789CBUsthbm-FQRo2PcB5QiUEoiFiPcBWgZUEH_yRo_jpH_nd6mFiyRCsUst7HAnDUMVj9RosQR-BUst7oAyX6AJNHAnhHAraoAnR6mFirpowQcYSUstig9BGqMzUZMggQj2fgAo6QJBkQfBoe7BpZ3O6HcoD692qu7gN3_-Sq1Y2Z9Bvepeh_S2VHJOkgpV68j1F_32SH1NNZ9o-Q9zDguxjPMoW1MgsHjNfyfOuq1Y2Z9P-q9P2yM7NPujau3Bvq12D_7zgo1YJzMBoq_VW_uP-8jh11_VozJB7_7z-P7NAHAoqu7Od_1zC8u2kQc2oz7u2_JoGPMoWQcNxupuM3jP3POKaQcW-qMY2_1o-r7BW69BxufzFyMFNPfoW63Wju7dF3A-Dq7BkQfBoe7BpZ37N83V9gICiQABEy1rNPOKaQcW-qMY2_1o-r7BXzsVq3JtO3AoZqVtp_3Bvq12p_3Fd81NU8AxizJ2pysoj6cgIPRxizpjpgjxd8MzIH_xMzRPE3I2oP7N11sxMz7N2Z3BRq3Ha_SgsQugM33NGPMep_Mh-qMY2_32sH1hkz92ozJjO_jzSoJOkz_V6qj7aZ3BRq3Ha_SgsQugMyp-3qcoW_MY-qMY2_92goJhku_V68BBd_32go1O1gpuouJ7FZ3dFvZUDUSupg9-wq3ei6iUFUiFirfuprfB5QBY2gmUEUsUN_B2j9pPagVzp_p-ae1PprpBv8J2grch5g7WtqpV3z7NvzACH8MW-P7YwgszXuctRujWBPI-JqBxAHOzxHf-juJhEruYJruPHgjO6guziu7u2b1FpQcOIuMobr7ukrBgqHchzeOoxQVgRef-Ez9yNz_xiZJHNqcuG__PkQ9eRUiFiy3hSUstirRzW9fFp9fFa9fFhUiFiQSuWyMua9fYM9fVjraUEHsnDUMNOQ3-BrBYxgIowrMuhUstaHmFiyfV79fBjraUE3pyObAU7bAHFo_zPbm-X9foxQMz2gcV7guYxgIHi6sJ7HZFiy3-wPcupPmUEUjdibm-FQRo79fVDgaUEUMoFyOYpqcYF9RuXrZUDUSgBrSo2Qfdi6i-fHiUDUMoDP9o7g9-wq3zwPsUi6sjp6AKDUMoxPcuSQR-N9RoOgfPBrRzwy9z7rMBiP9zBUs2QUsU7UiFiHpnOomUDUsHFo_KibmUpHA1OUiFiHpnRHaUDUsHFo_yi9ZFirI-2yfuwyMBjUst7HAnDUMP5y3hwq3ei6sUDUMg2QMVD9R-BQI-xQMWwy3zpyfYagZUEopKpbsjNH_ypHp1pH_JfoaFir9uBrSBwrMuDrMVXqOYpyfYagZUEHmdRo_efHAyRoAyFH_jhH_ndwe?dv=desktop&is_search=1&keywords=handphone&page=2&management_type=1&src=search&ob=23&r=https%3A%2F%2Fwww.tokopedia.com%2Fokeshoppanakkukang%2Fiphone-11-ram-4-64gb-garansi-resmi-black%3FextParam%3Divf%253Dfalse%26src%3Dtopads&t=desktop
Motorola Moto G32 Snapdragon 680 50MP Triple Camera Android Smartphone - Grey,Rp4.299.000,Tangerang Selatan,,,https://ta.tokopedia.com/promo/v1/clicks/8a-xgVY2gmUEH_rR6_edosnabm-xgVY789CBUsthbm-FQRo2PcB5QiUEoaFiPcBWgZUEH_yRo_jpH_nd6mFiyRCsUstp6A1Fbm-0g9BRQR-j9fBjUstaHpnf6_JaHsURbm-xgVYpyfYagZUEo_JRbsJ7opHR6_eRH_KOHsrDUSHp9fh5gaUEUMuNZM2jZJ2M33NGPMep_Mh-qMY2_1o-r7BW_sCsQABE3BPc8ujagfBvq1BRZ3BRq3JausujHsBN3jyN8Bja69Bq17jfZ32CP1OE__-vzcHhZ3BRq3-W69ugHBu2_fBGQJYJ3_uvzJg2_3jhQ1O9Z92HuVJh_1z-PJYJZ9P6epnp3BPo8JOJe9BqqMhk_1PVq1hAZSgsQ3hXyurOgB2IuSPyHMh0Z325q1OAZ9o-Q_BNyuPjrc-D69PsQ_B0gVP6HVKaQcW-qMY2_1o-r7BW69BxufzFyMFN8MVI69PyHMh0Z325q1OAZ9o-Qjyh3BxGouKp1MxqH7O2_fBGHc-y8AxxHO-M33NGPBB913BHe72E3_UN8u2363BsQ_jpyp-uq1Y2Z9P-q9P2yp-6PMoWuMgsHBgtyfO6Q7BkQfB6zJja_c2uHjNEgRxoucra_M20P7N1gfBM1_7YUiFiP9oBrBY2gmUEUsnibm-pg9opq3YX9fBjUstiHsB63MzwoR-juIovHS-CzRop61YdZBBFQcYSZfx0HugI_jYJHJhEq7BR_OYMocN1qsP3Zfu7rjzk3JHpucJpyMz1_I2h97zhu7hM_1NBuc-9z3jW_AoDQ1P3y7Wpz32auBtFQVVA1fVDuSPAyS2VPsBV6c-UepBtg12oof2WPAribm-xQcri6i-0PVYirMYxgVY7QZUDUMNOQ3-BrBY5gBYxgIHi6sUFbm-XP3Oig9-wy3zp9R-BrZUEHsnDUMoxPVY2gIHi6BDfoZFaomFpHA179ZFiQBYsy3Njq3zxPcuwy3zpUsthoAJDUMVi9RzBrRei6i-6UiFircYpPVYxQcri6i-srcowrfx5rVYOQSJibm-fg9-pq3YXUstiPsUibm-sy9zBgfYa8uYpP3PSg9o79fV7PI-2ySu7gZUE3aUaomUDUsHFo_eibmUpHA1dUiFiHpnOoZUDUsHFopHibmUpHA1fUB7DUS-BQcufy3NsguYpyfYagZUEHmdR6A1OoAJNopj7Hp1pH_j7bm-FrMBsguYiq3ei6sHdo_nDUMP5y3hwq3ei6sUDUMg2QMVD9R-BQI-xQMWwy3zpyfYagZUE6_U7bseRHpUfosyNHArR6AjDUSVOg9-N9R-BQI-xQMWwrfo5rM1i6snXopKRosHN6A1OoAyFHpKp6I7?page=2&r=https%3A%2F%2Fwww.tokopedia.com%2Fhelloel%2Fmotorola-moto-g32-snapdragon-680-50mp-triple-camera-android-smartphone-grey%3FextParam%3Divf%253Dfalse%26src%3Dtopads&is_search=1&management_type=1&dv=desktop&src=search&t=desktop&keywords=handphone&ob=23
Xiaomi Official Redmi 10C 4/128GB Smartphone - Mint Green,Rp1.999.000,Jakarta Utara,4.9,Terjual 2 rb+,https://ta.tokopedia.com/promo/v1/clicks/8a-xgVY2gmUEH_1pH_yFH_n7bm-xgVY789CBUsthbm-FQRo2PcB5QiUE6mFiPcBWgZUEH_yRo_jpH_nd6mFiyRCsUstRHAnDUMWB89P5rMzwq3ei6sJposrFopr7os1DUMVj9RosQR-BUst7H_JXopyfH_jd6_y7opyF6AyDUSHp9fh5gaUEUMuNZM2jZJ2M33NGPMep_Mh-qMY2_1o-r7BW_sCsQABE3BPc8ujagfBvq1BE_c2uH1NEe_C6qMDp_OzSHjN1ypooq1BpZ3O7QcuygIgsQu-Myp-6PMoWu3Bvq1BR_c2CHjO1Z_CvucDO_Oz0o1Y1qpuvucDOZ3BRq3-W69ugHBu2_fBGQJYJ3_uvzJg2_3jhQ1O9Z92HuVJh_1z-PJYJZ9P6epnp3BPo8JOJe9BqqMhk_1PVq1hAZSgsQ3hXyurOgB2IuSPyHMh0Z325q1OAZ9o-Q_BNyuPjrc-D69PsQ_B0gVP6HVKaQcW-qMY2_1o-r7BW69BxufzFyMFN8MVI69PyHMh0Z325q1OAZ9o-Qjyh3BxGouKp1MxqH7O2_fBGHc-y8AxxHO-M33NGPBB913BHe72E3_UN8u2363BsQ_jpyp-uq1Y2Z9P-q9P2yp-6PMoWuMgsHBgtyfO6Q7BkQfBo8j7O_c2gHJNJ__uozVJ7_S208jNku3BM1_7YUiFiP9oBrBY2gmUEUsnibm-pg9opq3YX9fBjUstiHsB63MzwoR-juIovHS-CzRop61YdZBBFQcYSZfx0HugI_jYJHJhEq7BR_OYMocN1qsP3Zfu7rjzk3JHpucJpyMz1_I2h97zhu7hM_1NBuc-9z3jW_AoDQ1P3y7Wpz32auBtFQVVA1fVDuSPAyS2VPsBV6c-UepBtg12oof2WPAribm-xQcri6i-0PVYirMYxgVY7QZUDUMNOQ3-BrBY5gBYxgIHi6sUFbm-XP3Oig9-wy3zp9R-BrZUEHsnDUMoxPVY2gIHi6BDfoZFaomFpHA179ZFiQBYsy3Njq3zxPcuwy3zpUsthoAJDUMVi9RzBrRei6i-6UiFircYpPVYxQcri6i-srcowrfx5rVYOQSJibm-fg9-pq3YXUstiPsUibm-sy9zBgfYa8uYpP3PSg9o79fV7PI-2ySu7gZUE3aUaomUDUsHFo_eibmUpHA1dUiFiHpnOoZUDUsHFopHibmUpHA1fUB7DUS-BQcufy3NsguYpyfYagZUEHmdNHpUpHpUO6_JFo_yOoAeNbm-FrMBsguYiq3ei6srFHmFigfYxQVY2gmUEHiFigMBXy3hwrMuDrMVXqOYxgIosQR-BUstR6AnX6_1OosHRHAjhHsr7oiFir9uBrSBwrMuDrMVXqOYpyfYagZUEHmdd6_yO6_jfopnFoAUfHpHhwe?src=search&page=2&dv=desktop&r=https%3A%2F%2Fwww.tokopedia.com%2Fxiaomi%2Fxiaomi-official-redmi-10c-4-128gb-smartphone-mint-green%3FextParam%3Divf%253Dfalse%26src%3Dtopads&is_search=1&keywords=handphone&ob=23&management_type=1&t=desktop
Motorola Moto E22 Mediatek Helio G37 90Hz HD+ 16MP Android Smartphone,Rp3.199.000,Tangerang Selatan,,,https://ta.tokopedia.com/promo/v1/clicks/8a-xgVY2gmUEH_rR6_edosnpbm-xgVY789CBUsthbm-FQRo2PcB5QiUE6ZFiPcBWgZUEH_yRo_jpH_nd6mFiyRCsUstp6A1Fbm-0g9BRQR-j9fBjUstaHpnf6_JaHsURbm-xgVYpyfYagZUEo_Jpbs1fopjhosypHAKaHsJDUSHp9fh5gaUEUMuNZM2jZJ2M33NGPMep_Mh-qMY2_1o-r7BW_sCsQABE3BPc8ujagfBvq1BRZ3BRq3JausujHsBN3jyN8Bja69Bq17jfZ32CP1OE__-vzcHhZ3BRq3-W69ugHBu2_fBGQJYJ3_uvzJg2_3jhQ1O9Z92HuVJh_1z-PJYJZ9P6epnp3BPo8JOJe9BqqMhk_1PVq1hAZSgsQ3hXyurOgB2IuSPyHMh0Z325q1OAZ9o-Q_BNyuPjrc-D69PsQ_B0gVP6HVKaQcW-qMY2_1o-r7BW69BxufzFyMFN8MVI69PyHMh0Z325q1OAZ9o-Qjyh3BxGouKp1MxqH7O2_fBGHc-y8AxxHO-M33NGPBB913BHe72E3_UN8u2363BsQ_jpyp-uq1Y2Z9P-q9P2yp-6PMoWuMgsHBgtyfO6Q7BkQfB6zJBE_c2g8JN1_9PozJjp_M2gH1NEZ_V-QsnYUiFiP9oBrBY2gmUEUsnibm-pg9opq3YX9fBjUstiHsB63MzwoR-juIovHS-CzRop61YdZBBFQcYSZfx0HugI_jYJHJhEq7BR_OYMocN1qsP3Zfu7rjzk3JHpucJpyMz1_I2h97zhu7hM_1NBuc-9z3jW_AoDQ1P3y7Wpz32auBtFQVVA1fVDuSPAyS2VPsBV6c-UepBtg12oof2WPAribm-xQcri6i-0PVYirMYxgVY7QZUDUMNOQ3-BrBY5gBYxgIHi6sUFbm-XP3Oig9-wy3zp9R-BrZUEHsnDUMoxPVY2gIHi6BDfoZFaomFpHA179ZFiQBYsy3Njq3zxPcuwy3zpUsthoAJDUMVi9RzBrRei6i-6UiFircYpPVYxQcri6i-srcowrfx5rVYOQSJibm-fg9-pq3YXUstiPsUibm-sy9zBgfYa8uYpP3PSg9o79fV7PI-2ySu7gZUE3aUaomUDUsHFo_eibmUpHA1dUiFiHpnOoZUDUsHFopHibmUpHA1fUB7DUS-BQcufy3NsguYpyfYagZUEHmdRosKdo_1FHAUdHAjRo_jObm-FrMBsguYiq3ei6sHdo_nDUMP5y3hwq3ei6sUDUMg2QMVD9R-BQI-xQMWwy3zpyfYagZUE6_UabsjpH_eaHAeRHpKpoA1DUSVOg9-N9R-BQI-xQMWwrfo5rM1i6snXopjRHAjRH_JpHpUOoAKfo97?dv=desktop&r=https%3A%2F%2Fwww.tokopedia.com%2Fhelloel%2Fmotorola-moto-e22-mediatek-helio-g37-90hz-hd-16mp-android-smartphone%3FextParam%3Divf%253Dfalse%26src%3Dtopads&src=search&is_search=1&keywords=handphone&page=2&t=desktop&ob=23&management_type=1
Vivo V15 Ram 8GB/256GB Garansi | Vivo V15 Ram 8 GB / 256 GB Garansi,Rp1.861.725,Jakarta Barat,4.3,Terjual 50+,https://ta.tokopedia.com/promo/v1/clicks/8a-xgVY2gmUEH_ypHAHposJ7bm-xgVY789CBUsthbm-FQRo2PcB5QiUEH_nDUSz2Q31i6sJfop1NHpJF6AKDUMoFyaUEosnFbm-0g9BRQR-j9fBjUsthoA1NHAeNHsJNbm-xgVYpyfYagZUEoAJdbsnRHArR6AKNHAKpo_UDUSHp9fh5gaUEUMuNZM2jZJ2M33NGPMep_Mh-qMY2_1o-r7BW_sCsQABE3BPc8ujagfBvq1jF_c2gP7YJZ_u6zcWE_1zSH7N1u_o6qBu2_JoGrB2yQAoiH7203Ao6qMUpZMh-qMY2_1H78JOJZ_VozJVR_1zCP7OJe9PozJVR_uo-r7BWo9giQ1NDZ325qu21gp-vucPd332-PV2kzMBo8_nF_BzC81h1gRBozVV7_s-3qjO1e9PoQujO392mqJB2PfBiH72F3s-DPuKa1MhszsBF3jo-ojBke3BHe72fyfODQMV9o3gsZJ2f3jx3qMzc69Cqe7jfZ32Cq1hAZSgsQ3hXyurOgMHaqIgszsBF3jo-ojBke3BHe72dgVP383u36_CgufzEZ325q3zIH_xMzReF3A-3oVB9_sC-q9P2yp-6PMoWuMggQj2fgAo6QJBkQfBoe7BpZ3N6qMUpZMhyH7ND3uxGqMVAZ_g-qj7F_jH7oJNJ1_oozcrh_M2CoJOJypu-QsnYUiFiP9oBrBY2gmUEUsnibm-pg9opq3YX9fBjUstiHsB63MzwoR-juIovHS-CzRop61YdZBBFQcYSZfx0HugI_jYJHJhEq7BR_OYMocN1qsP3Zfu7rjzk3JHpucJpyMz1_I2h97zhu7hM_1NBuc-9z3jW_AoDQ1P3y7Wpz32auBtFQVVA1fVDuSPAyS2VPsBV6c-UepBtg12oof2WPAribm-xQcri6i-0PVYB8cVsPVY7QZUDUMNOQ3-BrBY5gBYxgIHi6sUFbm-XP3Oig9-wy3zp9R-BrZUEHsnDUMoxPVY2gIHi6BDfoZFaomFpHA179ZFiQBYsy3Njq3zxPcuwy3zpUsthoAJDUMVi9RzBrRei6i-6UiFircYpPVYxQcri6i-srcowrfx5rVYOQSJibm-fg9-pq3YXUstiPsUibm-sy9zBgfYa8uYpP3PSg9o79fV7PI-2ySu7gZUE3aUaomUDUsHFo_eibmUpHA1dUiFiHpnOoZUDUsHFopHibmUpHA1fUB7DUS-BQcufy3NsguYpyfYagZUEHmddos1R6AjRoseFoseR6_eabm-FrMBsguYiq3ei6syFHmFigfYxQVY2gmUEHiFigMBXy3hwrMuDrMVXqOYxgIosQR-BUstR6AnXHAUOHAjfHsK7o_JDUSVOg9-N9R-BQI-xQMWwrfo5rM1i6snX6AyOopra6AUFoAypoAyaHR7?is_search=1&keywords=handphone&ob=23&src=search&management_type=1&r=https%3A%2F%2Fwww.tokopedia.com%2Fsentoyou%2Fvivo-v15-ram-8gb-256gb-garansi-vivo-v15-ram-8-gb-256-gb-garansi%3FextParam%3Divf%253Dfalse%26src%3Dtopads&page=2&t=desktop&dv=desktop
Samsung Galaxy M33 5G 8/128GB - Ram 8GB Internal 128GB Garansi Resmi,Rp3.599.000,Jakarta Utara,5.0,Terjual 500+,https://www.tokopedia.com/sonicgadgets/samsung-galaxy-m33-5g-8-128gb-ram-8gb-internal-128gb-garansi-resmi-8-128gb-hijau?extParam=ivf%3Dfalse%26src%3Dsearch
Samsung Galaxy A13 4/128 Garansi Resmi,Rp2.275.000,Jakarta Pusat,4.9,Terjual 750+,https://www.tokopedia.com/mobilegeneration/samsung-galaxy-a13-4-128-garansi-resmi-blue?extParam=ivf%3Dfalse%26src%3Dsearch
Apple iPhone 14 Garansi Resmi - 128GB 256GB 512GB,Rp15.049.000,Jakarta Pusat,5.0,Terjual 80+,https://www.tokopedia.com/ismileofficial/apple-iphone-14-garansi-resmi-128gb-256gb-512gb-128gb-starlight-white?extParam=ivf%3Dfalse%26src%3Dsearch
Samsung Galaxy Z Fold 4 5G 12/256GB 12/512GB 12/1TB Garansi Resmi,Rp20.716.000,Jakarta Pusat,5.0,Terjual 100+,https://www.tokopedia.com/onestop-ponsel/samsung-galaxy-z-fold-4-5g-12-256gb-12-512gb-12-1tb-garansi-resmi-12-256-graygreen-promo?extParam=ivf%3Dfalse%26src%3Dsearch
Samsung Galaxy A04 (4/64Gb) Garansi Resmi Sein Tam,Rp1.579.000,Jakarta Selatan,5.0,Terjual 1 rb+,https://www.tokopedia.com/murahmeriah9/samsung-galaxy-a04-4-64gb-garansi-resmi-sein-tam-4-64-green-no-bonus?extParam=ivf%3Dfalse%26src%3Dsearch
Samsung Galaxy A23 5G / 4G 6/128Gb Garansi Resmi Sein Tam,Rp3.399.000,Jakarta Selatan,5.0,Terjual 100+,https://www.tokopedia.com/murahmeriah9/samsung-galaxy-a23-5g-4g-6-128gb-garansi-resmi-sein-tam-a23-4g-black?extParam=ivf%3Dfalse%26src%3Dsearch
Xiaomi Redmi Note 11 6/128 GB Garansi Resmi,Rp2.299.000,Jakarta Barat,5.0,Terjual 3 rb+,https://www.tokopedia.com/duniagadgetku/xiaomi-redmi-note-11-6-128-gb-garansi-resmi-4-128-grey?extParam=ivf%3Dfalse%26src%3Dsearch
OPPO A77s 8/128GB Expansion Ram 8GB Garansi Resmi Not Oppo A57,Rp2.980.000,Jakarta Pusat,5.0,Terjual 250+,https://www.tokopedia.com/onestop-ponsel/oppo-a77s-8-128gb-expansion-ram-8gb-garansi-resmi-not-oppo-a57-a77s-mix-fs-non-paket?extParam=ivf%3Dfalse%26src%3Dsearch
Samsung Galaxy A04e 3/32 GB - Garansi Resmi,Rp1.230.000,Jakarta Timur,5.0,Terjual 2 rb+,https://www.tokopedia.com/wahanaselular/samsung-galaxy-a04e-3-32-gb-garansi-resmi-black?extParam=ivf%3Dfalse%26src%3Dsearch
IPhone 12 Garansi Resmi Ibox,Rp11.099.000,Jakarta Barat,5.0,Terjual 1 rb+,https://www.tokopedia.com/ptpratamasemesta/iphone-12-garansi-resmi-ibox-biru-64-gb?extParam=ivf%3Dfalse%26src%3Dsearch
"Motorola Moto G72 108MP 6/128GB 6.6"" POLED HDR10+ 120HZ Smartphone",Rp5.950.000,Tangerang Selatan,,,https://ta.tokopedia.com/promo/v1/clicks/8a-xgVY2gmUEH_rR6_edo_jObm-xgVY789CBUsthbm-FQRo2PcB5QiUEH_JDUSz2Q31i6sJfop1NHpJF6AKDUMoFyaUEHpKOHmFiqfuNPfYagVY2gmUEHsHFosjhHsUaoaFiy3zwrfo5rM1i6s1homd7oAydHsKaoAKfoA1Obm-pHOYDQfri6i-B812kgJxGgBBXZSgjH7NDZ325q1OAZ9o-Q1dFyfFN8B29zSBgHMP2_fB-P7B2PfBxHByOgAUN8u2c692gHsBN3Bo-ojBke9uo8j7a_7zsH1B2PfBiQ_BO3_-uq1Y2ZMhvzVjO_7zcq1O2H3Oou7BE_VzzH1OJZ9zvzJBR_jHFHO29_9xozJVN3M2DqjOIz3BHe72fyfODQMV9o3gqzOgR3A-Dq7BkQfBoe7BpZ37N83V9gICiQABRyf7Nqfz9_sCyHMh0Z325q1OAZ9o-Q_BNyuPjrc-D692xzpBR3A-Dq7BkQfBoe7BpZ3NcHu2yZsuyHO-t3sooq1Y2ZsCi3IKdy_oZgBBXZSgguOV2_JoG8Bja69BqusB2yf7NHfHau3Bvq1BRZ3BRq3Ha_SgsQugMyp-3qcoW_MY-qMY2_jz-HJhk__CozJja_7zzH7YJZ9BouVJhZ3dFvZUDUSupg9-wq3ei6iUFUiFirfuprfB5QBY2gmUEUsUN_B2j9pPagVzp_p-ae1PprpBv8J2grch5g7WtqpV3z7NvzACH8MW-P7YwgszXuctRujWBPI-JqBxAHOzxHf-juJhEruYJruPHgjO6guziu7u2b1FpQcOIuMobr7ukrBgqHchzeOoxQVgRef-Ez9yNz_xiZJHNqcuG__PkQ9eRUiFiy3hSUstiqRzwyS-5y3zwPc7ibm-XP3Oig9-wQfgwy3zpUstaHmFiQSuWyMua9fVjrOYag9Ji6sUFbm-sy9zwq3zpUs2Qos1DHseDHpnOoV7DUMNwyfVXgcBjy9zB9fVjraUEH_ehbm-xyBY7g9o7Usti_iUDUSC5rRzwy3hSUstiyRCs9RotQRCwP3NhUiFiPMuarfB5QiUEUSyaUiFiyfV7g3P5rSBwrRuSgfupPVYxPIzaq3-OPc1i6BDiHseibmUpHA17UiFiHpnO6mUDUsHFo_1ibmUpHArpUiFiHpnOoi-Pbm-ag3hBPMVXyfuwrfo5rM1i6snXopHdHsK76_eRosehoAna6mFirI-2yfuwyMBjUstp6A1Fbm-SQfVD9fBjUstabm-Mq3NxQVYag3hay3N09fVjrfo5rM1i6sjh6mdFHsrOo_1poArdHiFir9uBrSBwrMuDrMVXqOYpyfYagZUEHmdR6Ae76_eOHpK7opjOHsVY?dv=desktop&page=2&r=https%3A%2F%2Fwww.tokopedia.com%2Fhelloel%2Fmotorola-moto-g72-108mp-6-128gb-6-6-poled-hdr10-120hz-smartphone-meteorite-grey%3FextParam%3Divf%253Dfalse%26src%3Dtopads&keywords=handphone&management_type=1&src=search&ob=23&t=desktop&is_search=1
Samsung Galaxy A33 5G 8/128GB - White,Rp4.499.000,Jakarta Timur,5.0,Terjual 5,https://ta.tokopedia.com/promo/v1/clicks/8a-xgVY2gmUEH_1OHAjRHpnObm-xgVY789CBUsthbm-FQRo2PcB5QiUEH_UDUSz2Q31i6sJfop1NHpJF6AKDUMoFyaUE6_nFbm-xgVYpyfYagZUEoAUhbsyFHp1f6AJ7opr7H_jDUSHp9fh5gaUEUMuNZM2jZJ2M33NGPMep_Mh-qMY2_1o-r7BW_sCsQABE3BPc8ujagfBvq1jh_c2SoJOk__VoqMDF_uzVH7Nk1_o-q9P2y_-3o3ea69BqzsBE3_UN8u2_Z_g-qjV2_JoGP3Uao32q17jfZ3OuoJNkqpzou7BN_VPg8VBk_9z6zVuR_3jFoJOke_CHuczD392VP7OJZMOvu7OR3uo-r7BW69BxufzFyMFNqO2yeMgxuOV2_fB-P7B2PfBiH72F3s-DPuKpeSBiHBUh3_oZgMV913Bvq1BRZ3BRq3UpZSCqHMhO3Ao6QfUpeMgxuOV2_fB-P7B2PfBs3VgDyfNDgMzIzMNs81jfZ3OR8uxEZ_CMZIxp_3OdPMep8AxizJgpysoj6cgU_sCi3IKdyjz6gjOEe_V6ZIKd3_--q1hAZS2gHsBN3ByNq3oW6_osHBu2_fB-81NE39uvzVVR_uzCP7Y1Z_C68MH7_7o-r7BX_M2iH72D3Ao6QVByZM2xe7jfZ32oHJNNoAo6ucrp_32VH1N1__z6qj7F_joG6ZUDUSupg9-wq3ei6iUFUiFirfuprfB5QBY2gmUEUsUN_B2j9pPagVzp_p-ae1PprpBv8J2grch5g7WtqpV3z7NvzACH8MW-P7YwgszXuctRujWBPI-JqBxAHOzxHf-juJhEruYJruPHgjO6guziu7u2b1FpQcOIuMobr7ukrBgqHchzeOoxQVgRef-Ez9yNz_xiZJHNqcuG__PkQ9eRUiFiy3hSUstirRzW9fFp9fFa9fFhUiFiQSuWyMua9fYM9fVjraUEHsnDUMNOQ3-BrBYxgIowrMuhUstaHmFiyfV79fBjraUE3pyObAU7bAHFo_zPbm-X9foxQMz2gcV7guYxgIHi6sJ7HZFiy3-wPcupPmUEUjdibm-FQRo79fVDgaUEUMoFyOYpqcYF9RuXrZUDUSgBrSo2Qfdi6i-fHiUDUMoDP9o7g9-wq3zwPsUi6sHhosjfbm-sy9zBgfYa8uYpP3PSg9o79fV7PI-2ySu7gZUE3aUaomUDUsHFo_eibmUpHA1dUiFiHpnOoZUDUsHFopHibmUpHA1fUB7DUSCaq3oB9f-2gmUE6_nFbm-SQfVD9fBjUstabm-Mq3NxQVYag3hay3N09fVjrfo5rM1i6srRoadNosnNHpnNHAyfHsJfbm-hP3ua8uYag3hay3N09RosQR-BUstFbsK7o_U7HsrO6AndHpJhoAPY?dv=desktop&is_search=1&management_type=1&r=https%3A%2F%2Fwww.tokopedia.com%2Fplutopsellular%2Fsamsung-galaxy-a33-5g-8-128gb-white%3FextParam%3Divf%253Dfalse%26src%3Dtopads&page=2&ob=23&src=search&keywords=handphone&t=desktop
Motorola Razr 2022 Flip OLED 50MP OIS 8/256 Snapdragon 8+ Smartphone,Rp20.499.000,Tangerang Selatan,,,https://ta.tokopedia.com/promo/v1/clicks/8a-xgVY2gmUEH_rR6_edosn7bm-xgVY789CBUsthbm-FQRo2PcB5QiUEH_HDUSz2Q31i6sJfop1NHpJF6AKDUMoFyaUEHpKOHmFiqfuNPfYagVY2gmUEHsHFosjhHsUaoaFiy3zwrfo5rM1i6s1hHmdNHAjNHpeRoprpH_rfHaFirpowQcYSUstig9BGqMzUZMggQj2fgAo6QJBkQfBoe7BpZ3O6HcoD692qu7gN3_-Sq1Y2Z9P-q9P2y_-3o3ea69BqzsBE3_UN8u2_Z_g-qjVO_92oHjYJypV-q9P2yM7NPujau3Bvq12D_7zgo1YJzMBoq_VW_uP-8jh11_VozJB7_7z-P7NAHAoqu7Od_1zC8u2kQc2oz7u2_JoGPMoWQcNxupuM3jP3POKaQcW-qMY2_1o-r7BW69BxufzFyMFNPfoW63Wju7dF3A-Dq7BkQfBoe7BpZ37N83V9gICiQABEy1rNPOKaQcW-qMY2_1o-r7BXzsVq3JtO3AoZqVtp_3Bvq1tFyBxd6cJp1MggQj2f3uPzq1hAZS2gHsBN3ByNq3oW6_osHBu2_fB-P7B2PfBsHjNfyfO3gMHauMxsQ1N5Z325q1NJZ9xHqBVN_32SH7OJz92o8BJh_M2uH7BXHA7ibm-Orfua9fBjUstiHmUDUSoBrRo2QfNwq3ei6iUa61NqgV4RrMz1r74arjVIrRHN_RxG39CDQfPbqcDhujP6_7eF_I20Z9Pv9fy7QBzkoOgbg9zazc2yepo1y_oigVzH8SVwzIV9_cgo_Mu1yBPVqZOHHfhWzOgsZRoVqS-33sCD11o_y3h3P7oi8juf611dyjxA63xBZj7RqMO7oaUDUMVDgaUEUMW79f-aQfVj9RzWUiFiQSuWyMua9fYM9fVjraUEHsnDUMNOQ3-BrBYxgIowrMuhUstaHmFiyfV79fBjraUE3pyObAU7bAHFo_zPbm-X9foxQMz2gcV7guYxgIHi6sJ7HZFiy3-wPcupPmUEUjdibm-FQRo79fVDgaUEUMoFyOYpqcYF9RuXrZUDUSgBrSo2Qfdi6i-fHiUDUMoxPcuSQR-N9RoOgfPBrRzwy9z7rMBiP9zBUs2QUsU7UiFiHpnOomUDUsHFo_KibmUpHA1OUiFiHpnRHaUDUsHFo_yi9ZFirMuDg9gxQMoB9RosQR-BUstFbsyNH_ehosyF6_nRoAeNoAeDUSCaq3oB9f-2gmUEHpKOHmFigfYxQVY2gmUEHiFigMBXy3hwrMuDrMVXqOYxgIosQR-BUstNH_eXHpnpoA1RHpK7opKaoiFir9uBrSBwrMuDrMVXqOYpyfYagZUEHmdR6AjOo_KNopJ7o_Uho_-Y?src=search&page=2&r=https%3A%2F%2Fwww.tokopedia.com%2Fhelloel%2Fmotorola-razr-2022-flip-oled-50mp-ois-8-256-snapdragon-8-smartphone%3FextParam%3Divf%253Dfalse%26src%3Dtopads&is_search=1&dv=desktop&ob=23&management_type=1&t=desktop&keywords=handphone
Advan Nasaplus 2GB 16GB Smartphone Android10 Quadcore - HITAM,Rp849.000,Jakarta Utara,,Terjual 4,https://ta.tokopedia.com/promo/v1/clicks/8a-xgVY2gmUEH_yNHprdHsUNbm-xgVY789CBUsthbm-FQRo2PcB5QiUEH_eDUSz2Q31i6sJfop1NHpJF6AKDUMoFyaUEH_eFHmFiqfuNPfYagVY2gmUEHsypopjRosjNomFiy3zwrfo5rM1i6sehomdNo_JNHs1aHpHNHAeFHaFirpowQcYSUstig9BGqMzUZMggQj2fgAo6QJBkQfBoe7BpZ3O6HcoD692qu7gN3_-Sq1Y2Z9P-q9P2y_-3o3ea69BqzsBE3_UN8u2_Z_g-qjVO_uz-81NJqpuvucDO_Oz0o1Y1qpuvucP2_JoGP3Uao32q17jfZ3OuoJNkqpzou7BN_VPg8VBk_9z6zVuR_3jFoJOke_CHuczD392VP7OJZMOvu7OR3uo-r7BW69BxufzFyMFNqO2yeMgxuOV2_fB-P7B2PfBiH72F3s-DPuKpeSBiHBUh3_oZgMV913Bvq1BRZ3BRq3UpZSCqHMhO3Ao6QfUpeMgxuOV2_fB-P7B2PfBs3VgDyfNDgMzIzMNs81jfZ3NZPcgU8I-jzsB2yf7NqV2AZ9o-QjNkysoGQVKaZSBiHfzE3Bo-ojBke3BHe72E3_UN8u23692qu7gN3_-Sq1Y2Z926zJBO_32s81O1Z_uo8MPE_M2V81Y1_3BM1_7YUiFiP9oBrBY2gmUEUsnibm-pg9opq3YX9fBjUstiHsB63MzwoR-juIovHS-CzRop61YdZBBFQcYSZfx0HugI_jYJHJhEq7BR_OYMocN1qsP3Zfu7rjzk3JHpucJpyMz1_I2h97zhu7hM_1NBuc-9z3jW_AoDQ1P3y7Wpz32auBtFQVVA1fVDuSPAyS2VPsBV6c-UepBtg12oof2WPAribm-xQcri6i-0PVYirMYxgVY7QZUDUMNOQ3-BrBY5gBYxgIHi6sUFbm-XP3Oig9-wy3zp9R-BrZUEHsnDUMoxPVY2gIHi6BDfoZFaopyDHpnRHO7DUMNwyfVXgcBjy9zB9fVjraUEH_ehbm-xyBY7g9o7Usti_iUDUSC5rRzwy3hSUstiyRCs9RotQRCwP3NhUiFiPMuarfB5QiUEUSyaUiFiyfV7g3P5rSBwrRuSgfupPVYxPIzaq3-OPc1i6BDiHseibmUpHA17UiFiHpnO6mUDUsHFo_1ibmUpHArpUiFiHpnOoi-Pbm-ag3hBPMVXyfuwrfo5rM1i6snX6AUposUFopjp6AUR6_KhoaFirI-2yfuwyMBjUsthoAnFbm-SQfVD9fBjUstabm-Mq3NxQVYag3hay3N09fVjrfo5rM1i6srRoadOHsjRopehopnaHsrRbm-hP3ua8uYag3hay3N09RosQR-BUstFbsKRHprdHsrdo_JOo_npHR7?src=search&is_search=1&t=desktop&dv=desktop&r=https%3A%2F%2Fwww.tokopedia.com%2Fadvanstore%2Fadvan-nasaplus-2gb-16gb-smartphone-android10-quadcore-hitam%3FextParam%3Divf%253Dfalse%26src%3Dtopads&keywords=handphone&page=2&ob=23&management_type=1
Motorola Edge30 Edge 30 Fusion 5G Snapdragon 888+ 50MP OIS Smartphone,Rp11.250.000,Tangerang Selatan,,,https://ta.tokopedia.com/promo/v1/clicks/8a-xgVY2gmUEH_rR6_edo_jdbm-xgVY789CBUsthbm-FQRo2PcB5QiUEH_1DUSz2Q31i6sJfop1NHpJF6AKDUMoFyaUEHpKOHmFiqfuNPfYagVY2gmUEHsHFosjhHsUaoaFiy3zwrfo5rM1i6s1hHad7HsUd6_ndopKaH_yObm-pHOYDQfri6i-B812kgJxGgBBXZSgjH7NDZ325q1OAZ9o-Q1dFyfFN8B29zSBgHMP2_fB-P7B2PfBxHByOgAUN8u2c692gHsBN3Bo-ojBke9uo8j7a_7zsH1B2PfBiQ_BO3_-uq1Y2ZMhvzVjO_7zcq1O2H3Oou7BE_VzzH1OJZ9zvzJBR_jHFHO29_9xozJVN3M2DqjOIz3BHe72fyfODQMV9o3gqzOgR3A-Dq7BkQfBoe7BpZ37N83V9gICiQABRyf7Nqfz9_sCyHMh0Z325q1OAZ9o-Q_BNyuPjrc-D692xzpBR3A-Dq7BkQfBoe7BpZ3NcHu2yZsuyHO-t3sooq1Y2ZsCi3IKdy_oZgBBXZSgguOV2_JoG8Bja69BqusB2yf7NHfHau3Bvq1BRZ3BRq3Ha_SgsQugMyp-3qcoW_MY-qMY2_jz-8jhk1_u6uVjp_M2V81OkZ_zvzVB2gBJYvZUDUSupg9-wq3ei6iUFUiFirfuprfB5QBY2gmUEUsUN_B2j9pPagVzp_p-ae1PprpBv8J2grch5g7WtqpV3z7NvzACH8MW-P7YwgszXuctRujWBPI-JqBxAHOzxHf-juJhEruYJruPHgjO6guziu7u2b1FpQcOIuMobr7ukrBgqHchzeOoxQVgRef-Ez9yNz_xiZJHNqcuG__PkQ9eRUiFiy3hSUstiqRzwyS-5y3zwPc7ibm-XP3Oig9-wQfgwy3zpUstaHmFiQSuWyMua9fVjrOYag9Ji6sUFbm-sy9zwq3zpUs2Qos1DHseDHpnOoV7DUMNwyfVXgcBjy9zB9fVjraUEH_ehbm-xyBY7g9o7Usti_iUDUSC5rRzwy3hSUstiyRCs9RotQRCwP3NhUiFiPMuarfB5QiUEUSyaUiFiyfV7g3P5rSBwrRuSgfupPVYxPIzaq3-OPc1i6BDiHseibmUpHA17UiFiHpnO6mUDUsHFo_1ibmUpHArpUiFiHpnOoi-Pbm-ag3hBPMVXyfuwrfo5rM1i6snXopHp6_KaoArf6AeOopeFHZFirI-2yfuwyMBjUstp6A1Fbm-SQfVD9fBjUstabm-Mq3NxQVYag3hay3N09fVjrfo5rM1i6sKN6mdNopKNHpnFoAUdH_UObm-hP3ua8uYag3hay3N09RosQR-BUstFbsrOHAjOHsJR6_jNo_1hoAPY?r=https%3A%2F%2Fwww.tokopedia.com%2Fhelloel%2Fmotorola-edge30-edge-30-fusion-5g-snapdragon-888-50mp-ois-smartphone-cosmic-grey%3FextParam%3Divf%253Dfalse%26src%3Dtopads&t=desktop&src=search&dv=desktop&ob=23&management_type=1&is_search=1&keywords=handphone&page=2
samsung a04e 3/32 garansi resmi samsung SEiN RANDOM,Rp1.209.000,Jakarta Barat,5.0,Terjual 250+,https://www.tokopedia.com/unibanten/samsung-a04e-3-32-garansi-resmi-samsung-sein-random?extParam=ivf%3Dfalse%26src%3Dsearch
Vivo Y22 4/64 GB 3/64 GB 3/32 GB Garansi Resmi Not Vivo Y15 s Y21s Y16,Rp1.428.000,Jakarta Pusat,5.0,Terjual 500+,https://www.tokopedia.com/distriponsel/vivo-y22-4-64-gb-3-64-gb-3-32-gb-garansi-resmi-not-vivo-y15-s-y21s-y16-non-bundle-y15s-3-32-blue?extParam=ivf%3Dfalse%26src%3Dsearch
Xiaomi Redmi 10 2022 4/64 GB Garansi Resmi,Rp1.823.000,Jakarta Pusat,5.0,Terjual 250+,https://www.tokopedia.com/garasii/xiaomi-redmi-10-2022-4-64-gb-garansi-resmi-promo?extParam=ivf%3Dfalse%26src%3Dsearch
PROMO Samsung Galaxy A04 4/64GB Garansi Resmi,Rp1.530.000,Jakarta Pusat,5.0,Terjual 1 rb+,https://www.tokopedia.com/jikalaku/promo-samsung-galaxy-a04-4-64gb-garansi-resmi-black?extParam=ivf%3Dfalse%26src%3Dsearch
Apple iPhone 11 64 GB - Garansi Resmi iBox Apple Indonesia,Rp7.499.000,Jakarta Utara,5.0,Terjual 1 rb+,https://www.tokopedia.com/universestore/apple-iphone-11-64-gb-garansi-resmi-ibox-apple-indonesia-hitam?extParam=ivf%3Dfalse%26src%3Dsearch
OPPO A54 6/128 GB Garansi Resmi,Rp2.570.000,Jakarta Pusat,5.0,Terjual 750+,https://www.tokopedia.com/gudang-hp/oppo-a54-6-128-gb-garansi-resmi-hitam?extParam=ivf%3Dfalse%26src%3Dsearch
Samsung Galaxy A33 5G 8/128GB - 8/256GB Garansi RESMI SEIN,Rp4.085.000,Jakarta Pusat,4.8,Terjual 100+,https://www.tokopedia.com/onestop-ponsel/samsung-galaxy-a33-5g-8-128gb-8-256gb-garansi-resmi-sein-8-128-mix-fs-non-paket?extParam=ivf%3Dfalse%26src%3Dsearch
Oppo A95 8/128 GB Garansi Resmi 8 GB 128 GB Hitam Aurora,Rp3.359.000,Jakarta Pusat,4.9,Terjual 250+,https://www.tokopedia.com/onestop-ponsel/oppo-a95-8-128-gb-garansi-resmi-8-gb-128-gb-hitam-aurora-non-paket-8-128-black?extParam=ivf%3Dfalse%26src%3Dsearch
Samsung Galaxy S22 Ultra 5G 8/128Gb 12/256Gb 12/512Gb Garansi Resmi,Rp15.300.000,Jakarta Pusat,5.0,Terjual 500+,https://www.tokopedia.com/senz88/samsung-galaxy-s22-ultra-5g-8-128gb-12-256gb-12-512gb-garansi-resmi-12-256gb-fs-white?extParam=ivf%3Dfalse%26src%3Dsearch
Infinix Hot 12 Play 4/128GB  Up to 7GB Extended RAM  6.82 90Hz,Rp1.709.000,Jakarta Utara,4.9,Terjual 750+,https://www.tokopedia.com/officialinfinix/infinix-hot-12-play-4-128gb-up-to-7gb-extended-ram-6-82-90hz-biru?extParam=ivf%3Dfalse%26src%3Dsearch
Samsung Galaxy M23 5G 6/128GB,Rp3.499.000,Jakarta Utara,4.9,Terjual 1 rb+,https://www.tokopedia.com/samsung/samsung-galaxy-m23-5g-6-128gb-orange-copper?extParam=ivf%3Dfalse%26src%3Dsearch
REALME C33 3/32 4/64 Ram 3GB 4GB Internal 32GB 64GB Garansi Resmi,Rp1.479.000,Jakarta Pusat,4.9,Terjual 100+,https://www.tokopedia.com/kreasindoonline/realme-c33-3-32-4-64-ram-3gb-4gb-internal-32gb-64gb-garansi-resmi-3-32-black?extParam=ivf%3Dfalse%26src%3Dsearch
Xiaomi POCO F4 5G 8/256GB Garansi Resmi,Rp5.385.000,Jakarta Pusat,5.0,Terjual 500+,https://www.tokopedia.com/pandawatiga/xiaomi-poco-f4-5g-8-256gb-garansi-resmi-green?extParam=ivf%3Dfalse%26src%3Dsearch
Xiaomi Poco F4 8/256 GB Garansi Resmi [FLASH SALE],Rp5.799.000,Jakarta Pusat,4.9,Terjual 250+,https://www.tokopedia.com/gudang-hp/xiaomi-poco-f4-8-256-gb-garansi-resmi-flash-sale-promo?extParam=ivf%3Dfalse%26src%3Dsearch
Xiaomi Redmi 10 2022 4/64 GB Garansi Resmi,Rp1.833.000,Jakarta Pusat,5.0,Terjual 2 rb+,https://www.tokopedia.com/gudang-hp/xiaomi-redmi-10-2022-4-64-gb-garansi-resmi-putih?extParam=ivf%3Dfalse%26src%3Dsearch
Apple iPhone 11 Garansi Resmi - 64GB 128GB,Rp7.999.000,Jakarta Pusat,5.0,Terjual 100+,https://www.tokopedia.com/ismileofficial/apple-iphone-11-garansi-resmi-64gb-128gb-64-gb-white?extParam=ivf%3Dfalse%26src%3Dsearch
Xiaomi Redmi 10 2022 4/64 GB Garansi Resmi [FLASH SALE],Rp1.803.000,Jakarta Pusat,5.0,Terjual 250+,https://www.tokopedia.com/gudang-hp/xiaomi-redmi-10-2022-4-64-gb-garansi-resmi-flash-sale-promo?extParam=ivf%3Dfalse%26src%3Dsearch
Xiaomi Official POCO F4 8GB 256GB Smartphone,Rp5.699.000,Jakarta Utara,4.9,Terjual 2 rb+,https://www.tokopedia.com/xiaomi/xiaomi-official-poco-f4-8gb-256gb-smartphone-nebula-green?extParam=ivf%3Dfalse%26src%3Dsearch
XIAOMI OFFICIAL POCO M5s MediaTek Helio G95 Dotdisplay AMOLED FHD+ NFC,Rp2.299.000,Jakarta Utara,4.9,Terjual 2 rb+,https://www.tokopedia.com/xiaomi/xiaomi-official-poco-m5s-mediatek-helio-g95-dotdisplay-amoled-fhd-nfc-4-64gb-grey?extParam=ivf%3Dfalse%26src%3Dsearch
PROMO Samsung Galaxy A33 5G Garansi Resmi,Rp4.195.000,Jakarta Pusat,4.9,Terjual 500+,https://www.tokopedia.com/jikalaku/promo-samsung-galaxy-a33-5g-garansi-resmi-blue-8-128gb?extParam=ivf%3Dfalse%26src%3Dsearch
"XIAOMI OFFICIAL Redmi A1 MediaTek Helio A22 HD+ 6,52"" 5000mAh",Rp1.223.000,Jakarta Utara,4.9,Terjual 2 rb+,https://www.tokopedia.com/xiaomi/xiaomi-official-redmi-a1-mediatek-helio-a22-hd-6-52-5000mah-black-3-32gb?extParam=ivf%3Dfalse%26src%3Dsearch
Xiaomi Redmi Note 11 Pro 5G 8/128GB 6/128 GB Garansi Resmi Note X3 GT,Rp3.497.000,Jakarta Pusat,4.9,Terjual 500+,https://www.tokopedia.com/dewaponselrakyat/xiaomi-redmi-note-11-pro-5g-8-128gb-6-128-gb-garansi-resmi-note-x3-gt-grey-8-128gb-non-bundle?extParam=ivf%3Dfalse%26src%3Dsearch
Samsung Galaxy M23 5G RAM 6/128 GB Garansi Resmi SEIN,Rp3.220.000,Jakarta Barat,4.9,Terjual 250+,https://www.tokopedia.com/tokoa8/samsung-galaxy-m23-5g-ram-6-128-gb-garansi-resmi-sein-orange-copper?extParam=ivf%3Dfalse%26src%3Dsearch
Vivo Y02 3/32 GB Garansi Resmi Vivo Y 02 Not Vivo Y15s Y16 Y21 Y01 Y33,Rp1.306.000,Jakarta Pusat,5.0,Terjual 100+,https://www.tokopedia.com/distriponsel/vivo-y02-3-32-gb-garansi-resmi-vivo-y-02-not-vivo-y15s-y16-y21-y01-y33-y01a-2-32-black-non-bundle?extParam=ivf%3Dfalse%26src%3Dsearch
Samsung Galaxy A23 6/128 Garansi Resmi,Rp2.899.999,Jakarta Pusat,5.0,Terjual 500+,https://www.tokopedia.com/indigoceluler/samsung-galaxy-a23-6-128-garansi-resmi-black?extParam=ivf%3Dfalse%26src%3Dsearch
Infinix Smart 6 Plus 3/64 GB Garansi Resmi,Rp1.335.000,Jakarta Barat,5.0,Terjual 1 rb+,https://www.tokopedia.com/duniagadgetku/infinix-smart-6-plus-3-64-gb-garansi-resmi-3-64-black?extParam=ivf%3Dfalse%26src%3Dsearch
OPPO F5 4/64GB GARANSI 1 TAHUN,Rp699.000,Jakarta Barat,4.7,Terjual 250+,https://www.tokopedia.com/phone88cell/oppo-f5-4-64gb-garansi-1-tahun-gold?extParam=ivf%3Dfalse%26src%3Dsearch
PONSEL REALME NARZO 50A RAM 4/64GB GARANSI RESMI,Rp1.563.000,Tangerang,4.9,Terjual 250+,https://www.tokopedia.com/btc888/ponsel-realme-narzo-50a-ram-4-64gb-garansi-resmi-4-64gb-hp-random?extParam=ivf%3Dfalse%26src%3Dsearch
Samsung Galaxy M23 5G NFC 6/128GB Garansi Resmi 6 128 GB Not M12 M22,Rp3.367.000,Jakarta Pusat,4.9,Terjual 500+,https://www.tokopedia.com/distriponsel/samsung-galaxy-m23-5g-nfc-6-128gb-garansi-resmi-6-128-gb-not-m12-m22-non-bundle-m23-6-128-ornge?extParam=ivf%3Dfalse%26src%3Dsearch
Apple iPhone 13 128GB | 256GB | 512GB - Garansi Resmi iBox Apple Indo,Rp13.699.000,Jakarta Utara,5.0,Terjual 1 rb+,https://www.tokopedia.com/universestore/apple-iphone-13-128gb-256gb-512gb-garansi-resmi-ibox-apple-indo-midnight-128gb?extParam=ivf%3Dfalse%26src%3Dsearch
Xiaomi POCO M5s,Rp2.285.000,Jakarta Pusat,5.0,Terjual 250+,https://www.tokopedia.com/jikalaku/xiaomi-poco-m5s-blue-4gb-64gb?extParam=ivf%3Dfalse%26src%3Dsearch
Samsung Galaxy A04s 4/64Gb Garansi Resmi Sein Tam,Rp1.813.000,Jakarta Selatan,4.9,Terjual 500+,https://www.tokopedia.com/murahmeriah9/samsung-galaxy-a04s-4-64gb-garansi-resmi-sein-tam-a04s-4-64-green-promo?extParam=ivf%3Dfalse%26src%3Dsearch
Samsung Galaxy A04e RAM 3/32GB Garansi Resmi,Rp1.200.000,Tangerang,4.9,Terjual 250+,https://www.tokopedia.com/btc888/samsung-galaxy-a04e-ram-3-32gb-garansi-resmi-3-32gb-hp-warna-random?extParam=ivf%3Dfalse%26src%3Dsearch
FS Xiaomi Redmi 10C 4/64 GB - Garansi Resmi,Rp1.673.000,Jakarta Timur,5.0,Terjual 1 rb+,https://www.tokopedia.com/wahanaselular/fs-xiaomi-redmi-10c-4-64-gb-garansi-resmi-blue?extParam=ivf%3Dfalse%26src%3Dsearch
XIAOMI OFFICIAL POCO M5 MediaTek Helio G99 90Hz DynamicSwitch FHD+ NFC,Rp2.098.000,Jakarta Utara,4.9,Terjual 1 rb+,https://www.tokopedia.com/xiaomi/xiaomi-official-poco-m5-mediatek-helio-g99-90hz-dynamicswitch-fhd-nfc-4-64gb-yellow?extParam=ivf%3Dfalse%26src%3Dsearch
Realme C35 4/128 4/64 GB Garansi Resmi Realme C35 2022 Not C11,Rp1.973.000,Jakarta Pusat,4.9,Terjual 3 rb+,https://www.tokopedia.com/distriponsel/realme-c35-4-128-4-64-gb-garansi-resmi-realme-c35-2022-not-c11-non-bundle-disc-4-64-green?extParam=ivf%3Dfalse%26src%3Dsearch
SEIN Samsung Galaxy Z Fold4 5G 512GB 256GB 1TB RAM 12GB Fold 4 RESMI,Rp20.290.000,Jakarta Pusat,4.9,Terjual 100+,https://www.tokopedia.com/studioponsel/sein-samsung-galaxy-z-fold4-5g-512gb-256gb-1tb-ram-12gb-fold-4-resmi-12-256gb-inter-black?extParam=ivf%3Dfalse%26src%3Dsearch
Samsung Galaxy A23 6/128 GB Garansi Resmi SEIN,Rp2.886.000,Jakarta Pusat,5.0,Terjual 1 rb+,https://www.tokopedia.com/gudang-hp/samsung-galaxy-a23-6-128-gb-garansi-resmi-sein-hitam?extParam=ivf%3Dfalse%26src%3Dsearch
Xiaomi Poco M4 Pro Ram 8 256 GB No Repack,Rp3.204.900,Jakarta Pusat,5.0,Terjual 100+,https://www.tokopedia.com/tokojakpus/xiaomi-poco-m4-pro-ram-8-256-gb-no-repack?extParam=ivf%3Dfalse%26src%3Dsearch
Xiaomi Poco M5s 6/128GB 4/64GB Garansi Resmi 128 GB 64 GB Poco M5s,Rp2.280.000,Jakarta Pusat,4.9,Terjual 100+,https://www.tokopedia.com/distriponsel/xiaomi-poco-m5s-6-128gb-4-64gb-garansi-resmi-128-gb-64-gb-poco-m5s-4-64gb-black-bundle-hydrogel?extParam=ivf%3Dfalse%26src%3Dsearch
VIVO V15 8/128GB 8/256GB NEW GARANSI 1TAHUN,Rp1.550.000,Jakarta Barat,5.0,Terjual 9,https://ta.tokopedia.com/promo/v1/clicks/8a-xgVY2gmUEH_rN6AKposndbm-xgVY789CBUsthbm-FQRo2PcB5QiUEH_yDUSz2Q31i6sJfop1NHpJF6AKDUMoFyaUE6_nFbm-0g9BRQR-j9fBjUstaoA1NoAj7HsjObm-xgVYpyfYagZUEoAUpbsnaoAURopHaH_yOosHRbm-pHOYDQfri6i-B812kgJxGgBBXZSgjH7NDZ325q1OAZ9o-Q1dFyfFN8B29zSBgHMP2_fB-o1hke_uozcWR_OzCo1OJqRPvuJJO_3B-r7BWPchB3czfyfOZgMHa_SgsQuu2_fB-P7hke_ovzcHhZ3BRq3-W69ugHBu2_fBGQJYJ3_uvzJg2_3jhQ1O9Z92HuVJh_1z-PJYJZ9P6epnp3BPo8JOJe9BqqMhk_1PVq1hAZSgsQ3hXyurOgB2IuSPyHMh0Z325q1OAZ9o-Q_BNyuPjrc-D69PsQ_B0gVP6HVKaQcW-qMY2_1o-r7BW69BxufzFyMFN8MVI69PyHMh0Z325q1OAZ9o-Qjyh3BxGouKp1MxqH7O2_fBGHc-y8AxxHO-M33NGPBB913BHe72E3_UN8u2363BsQ_jpyp-uq1Y2Z9P-q9P2yp-6PMoWuMgsHBgtyfO6Q7BkQfBo8BJ7_c208jOJu_uozJBR_7zCoJN1z3BM1_7YUiFiP9oBrBY2gmUEUsnibm-pg9opq3YX9fBjUstiHsB63MzwoR-juIovHS-CzRop61YdZBBFQcYSZfx0HugI_jYJHJhEq7BR_OYMocN1qsP3Zfu7rjzk3JHpucJpyMz1_I2h97zhu7hM_1NBuc-9z3jW_AoDQ1P3y7Wpz32auBtFQVVA1fVDuSPAyS2VPsBV6c-UepBtg12oof2WPAribm-xQcri6i-0PVYirMYxgVY7QZUDUMNOQ3-BrBY5gBYxgIHi6sUFbm-XP3Oig9-wy3zp9R-BrZUEHsnDUMoxPVY2gIHi6BDfoZFaomFpHA179ZFiQBYsy3Njq3zxPcuwy3zpUsthoAJDUMVi9RzBrRei6i-6UiFircYpPVYxQcri6i-srcowrfx5rVYOQSJibm-fg9-pq3YXUstiPsUibm-sy9zBgfYa8uYpP3PSg9o79fV7PI-2ySu7gZUE3aUaomUDUsHFo_eibmUpHA1dUiFiHpnOoZUDUsHFopHibmUpHA1fUB7DUS-BQcufy3NsguYpyfYagZUEHmdNH_1f6_raHsHRH_nh6_Kabm-FrMBsguYiq3ei6sjFHmFigfYxQVY2gmUEHiFigMBXy3hwrMuDrMVXqOYxgIosQR-BUstRoprXHAJOoAJaHpedHseOHaFir9uBrSBwrMuDrMVXqOYpyfYagZUEHmddHpydH_n7oAKFH_efHAoY?ob=23&page=2&t=desktop&dv=desktop&r=https%3A%2F%2Fwww.tokopedia.com%2Fstarsmartp%2Fvivo-v15-8-128gb-8-256gb-new-garansi-1tahun-gradasi-biru-8-128gb%3FextParam%3Divf%253Dfalse%26src%3Dtopads&is_search=1&src=search&keywords=handphone&management_type=1
Samsung Galaxy A03 Core 2/32GB - Blue,Rp1.199.000,Medan,5.0,Terjual 24,https://ta.tokopedia.com/promo/v1/clicks/8a-xgVY2gmUEH_HdoAUNosURbm-xgVY789CBUsthbm-FQRo2PcB5QiUEH_rDUSz2Q31i6sJfop1NHpJF6AKDUMoFyaUE6_nFbm-xgVYpyfYagZUEoAUabsnposHa6Ay7o_HfopKfbm-pHOYDQfri6i-B812kgJxGgBBXZSgjH7NDZ325q1OAZ9o-Q1dFyfFN8B29zSBgHMP2_fB-8Jhke_z6qMDh_M2u81O1yR2vuJuE_1zzq1hAZS-q3cFpysoGqOKp_M2iH72DZ325q1OAZ9o-Q_ufyMO6QJBkQfBqucra_OzS8VBkZ9zqqjg2_9jFHJN1e9BHucPN_1zzPJdauM2ouJVR_3OgouBEeMx-q9P2ysoGrVtaQIuyHB-Dy7yNrV2AZ_g-qjV2_JoGPMoWQcNxupuMy7xGPB2UuM2jzsBF3jo-ojBke3BHe72fyfODQMV9o3gsHMxfy7yNrV2AZ_g-qjV2_JoG8cz9uSBBusjF3uPj8jBkQfBizJ2M_32Z6cgIPRBizpjpgjxdr7O98IgjHRKdypoZPcgU8IooH_xE_1zuHcgU8c2gq1BpZ3N6qMUpZMhyHj2Nysoj8B2_Z_g-qjj7_1H781NJu_VvzJ1a_Ozo81OkZ92-q9P2yp-6PMoWuMgsHBgtyfO6Q7BkQfBo8BJ7_c2V8JN13_zo8jJF_32s81OJ13BM1_7YUiFiP9oBrBY2gmUEUsnibm-pg9opq3YX9fBjUstiHsB63MzwoR-juIovHS-CzRop61YdZBBFQcYSZfx0HugI_jYJHJhEq7BR_OYMocN1qsP3Zfu7rjzk3JHpucJpyMz1_I2h97zhu7hM_1NBuc-9z3jW_AoDQ1P3y7Wpz32auBtFQVVA1fVDuSPAyS2VPsBV6c-UepBtg12oof2WPAribm-xQcri6i-pPcOwQAowQA-wQAJibm-XP3Oig9-wQfgwy3zpUstaHmFiQSuWyMua9fVjrOYag9Ji6sUFbm-sy9zwq3zpUs2Qos1DHseDHpnOoV7DUMNwyfVXgcBjy9zB9fVjraUEH_ehbm-xyBY7g9o7Usti_iUDUSC5rRzwy3hSUstiyRCs9RotQRCwP3NhUiFiPMuarfB5QiUEUSyaUiFiyfhOrRzBrBY2gVYfHiUEHpJf6_yDUMoxPcuSQR-N9RoOgfPBrRzwy9z7rMBiP9zBUs2QUsU7UiFiHpnOomUDUsHFo_KibmUpHA1OUiFiHpnRHaUDUsHFo_yi9ZFirI-2yfuwyMBjUstNHAnDUMP5y3hwq3ei6sUDUMg2QMVD9R-BQI-xQMWwy3zpyfYagZUEoprfbsHNoAKOopehoAjaomFir9uBrSBwrMuDrMVXqOYpyfYagZUEHmddHpjfHpjdopJOoAJa6_epwe?src=search&page=2&dv=desktop&keywords=handphone&r=https%3A%2F%2Fwww.tokopedia.com%2Fintikomsamsungauthorized%2Fsamsung-galaxy-a03-core-2-32gb-blue%3FextParam%3Divf%253Dfalse%26src%3Dtopads&management_type=1&ob=23&t=desktop&is_search=1
Evercoss Xtream 1 (S45),Rp399.000,Jakarta Utara,4.8,Terjual 750+,https://ta.tokopedia.com/promo/v1/clicks/8a-xgVY2gmUEH_JpoAUF6Ajabm-xgVY789CBUsthbm-FQRo2PcB5QiUEH_KDUSz2Q31i6sJfop1NHpJF6AKDUMoFyaUEo_nFbm-0g9BRQR-j9fBjUstp6_HN6_1fHAjDUMVj9RosQR-BUst7HpnXH_nOHpjf6_ndopKRbm-pHOYDQfri6i-B812kgJxGgBBXZSgjH7NDZ325q1OAZ9o-Q1dFyfFN8B29zSBgHMP2_fB-HJhk39B6uV1h_1zgHjOJypuoqMDh_uzuq1hAZS-q3cFpysoGqOKp_M2iH72DZ325q1OAoIP6zJ7p_BzCP7OJe9PozJVR_1zCP7OJ13BHe72OysUOqB2_Z_g-Qu17_M20oJO9Z9BHuOBd332oPJNJu9Poq_n7_32CHJh1gchg8juR_1zGQ1Y9_9Pg17BpZ37N83V9gICiQAB03BxmgMV913Bvq1BRZ3BRq3UpZSCqHMhO3Aom83Ua1sVgHO-MyuPzq1Y2Z9P-q9P2ysoGrVtaQIuyH7N5ysomgMV913Bvq1BRZ3BRq3oyuMhsQMhMgJPcQMoNZ_g-QB-7gjxdrMzc63BsQ_Bt3jo-r7BX_M2iH72D3A-G83UpgI2q17jfZ32Cq1hAZS2gHsBN3ByN8B29zSBgHMP2_fB-8jN119u68Mod_jzoH1Okz9Bo8j7p_uoG6ZUDUSupg9-wq3ei6iUFUiFirfuprfB5QBY2gmUEUsUN_B2j9pPagVzp_p-ae1PprpBv8J2grch5g7WtqpV3z7NvzACH8MW-P7YwgszXuctRujWBPI-JqBxAHOzxHf-juJhEruYJruPHgjO6guziu7u2b1FpQcOIuMobr7ukrBgqHchzeOoxQVgRef-Ez9yNz_xiZJHNqcuG__PkQ9eRUiFiy3hSUstiqRzwyS-5y3zwPc7ibm-XP3Oig9-wQfgwy3zpUstaHmFiQSuWyMua9fVjrOYag9Ji6sUFbm-sy9zwq3zpUs2Qos1DHseDHpnOoV7DUMNwyfVXgcBjy9zB9fVjraUEH_ehbm-xyBY7g9o7Usti_iUDUSC5rRzwy3hSUstiyRCs9RotQRCwP3NhUiFiPMuarfB5QiUEUSyaUiFiyfV7g3P5rSBwrRuSgfupPVYxPIzaq3-OPc1i6BDiHseibmUpHA17UiFiHpnO6mUDUsHFo_1ibmUpHArpUiFiHpnOoi-Pbm-ag3hBPMVXyfuwrfo5rM1i6snX6_JOH_ydH_KaHsyRosUhomFirI-2yfuwyMBjUstOHAnDUMP5y3hwq3ei6sUDUMg2QMVD9R-BQI-xQMWwy3zpyfYagZUEoprObsH76AHFoAnhHpJRHprDUSVOg9-N9R-BQI-xQMWwrfo5rM1i6snX6AnaosjpopH7H_nRHsHFHR7?ob=23&is_search=1&dv=desktop&r=https%3A%2F%2Fwww.tokopedia.com%2Fevercoss%2Fevercoss-xtream-1-s45-hitam%3FextParam%3Divf%253Dfalse%26src%3Dtopads&keywords=handphone&page=2&management_type=1&t=desktop&src=search
OPPO A15S RAM 6/128GB GARANSI 1 TAHUN - Biru,Rp1.059.000,Jakarta Barat,4.9,Terjual 250+,https://ta.tokopedia.com/promo/v1/clicks/8a-xgVY2gmUEH_rOH_yhH_nabm-xgVY789CBUsthbm-FQRo2PcB5QiUEH_jDUSz2Q31i6sJfop1NHpJF6AKDUMoFyaUE6AnFbm-0g9BRQR-j9fBjUstOH_U76An7HpJDUMVj9RosQR-BUst7Hs1Xo_yR6A176_Up6AyR6AyDUSHp9fh5gaUEUMuNZM2jZJ2M33NGPMep_Mh-qMY2_1o-r7BW_sCsQABE3BPc8ujagfBvq1jF_c2sHJN1__oozJ7p_1zoH7OJ__o-q9P2y_-3o3ea69BqzsBE3_UN8u2_Z_g-qjVO_1zsq1hAZSuiHsuk3Bo-ojBWu_z6qMD7_uP-81h939xgqjO7_jzuP7O2HAzoqjJF_VzjQVBEz9PozJ2W_OPoPOB_Z9o-Q_BNyuPjrc-D63Wq3J-MyuPzq1Y2Z9P-q9P2ysoGrVtaQIuyH7-Nys-ZHujp1MgxuOV2_fB-P7B2PfBiH72F3s-DPuKp_MYiH7-MyuPzq1Y2Z9P-q9P2yOx3QcoXQcgjz7gXyRB-ojBX1SzMZIxagJyNq3oW63xqe7BpZ3N6qMUpZMhyHj2Nysoj8B2_Z_g-qjV2_JoG8Bja69BqusBE3BPc8ujagfBvq1BE_BzVP1OJZ_z6qB1F_32sP7Y1ypo68Mo2gBJYvZUDUSupg9-wq3ei6iUFUiFirfuprfB5QBY2gmUEUsUN_B2j9pPagVzp_p-ae1PprpBv8J2grch5g7WtqpV3z7NvzACH8MW-P7YwgszXuctRujWBPI-JqBxAHOzxHf-juJhEruYJruPHgjO6guziu7u2b1FpQcOIuMobr7ukrBgqHchzeOoxQVgRef-Ez9yNz_xiZJHNqcuG__PkQ9eRUiFiy3hSUstiqRzwyS-5y3zwPc7ibm-XP3Oig9-wQfgwy3zpUstaHmFiQSuWyMua9fVjrOYag9Ji6sUFbm-sy9zwq3zpUs2Qos1DHseDHpnOoV7DUMNwyfVXgcBjy9zB9fVjraUEH_ehbm-xyBY7g9o7Usti_iUDUSC5rRzwy3hSUstiyRCs9RotQRCwP3NhUiFiPMuarfB5QiUEUSyaUiFiyfV7g3P5rSBwrRuSgfupPVYxPIzaq3-OPc1i6BDiHseibmUpHA17UiFiHpnO6mUDUsHFo_1ibmUpHArpUiFiHpnOoi-Pbm-ag3hBPMVXyfuwrfo5rM1i6snXoprN6AJNHprN6AedoAjpoaFirI-2yfuwyMBjUstdHAnDUMP5y3hwq3ei6sUDUMg2QMVD9R-BQI-xQMWwy3zpyfYagZUEopr7bsrpH_y7o_nOosjFHZFir9uBrSBwrMuDrMVXqOYpyfYagZUEHmddHsn7os1fH_JFoAjao_rNwe?page=2&management_type=1&is_search=1&ob=23&keywords=handphone&t=desktop&dv=desktop&r=https%3A%2F%2Fwww.tokopedia.com%2Fdafu99%2Foppo-a15s-ram-6-128gb-garansi-1-tahun-biru%3FextParam%3Divf%253Dfalse%26src%3Dtopads&src=search
VIVO Y22 4/64 GARANSI RESMI,Rp2.044.900,Kab. Rembang,5.0,Terjual 100+,https://ta.tokopedia.com/promo/v1/clicks/8a-xgVY2gmUEH_rpHpJfo_HRbm-xgVY789CBUsthbm-FQRo2PcB5QiUEHsnDUSz2Q31i6sJfop1NHpJF6AKDUMoFyaUEo_nFbm-xgVYpyfYagZUEoAURbsyF6Anp6AJFo_nao_rDUSHp9fh5gaUEUMuNZM2jZJ2M33NGPMep_Mh-qMY2_1o-r7BW_sCsQABE3BPc8ujagfBvq1BN_c2SH1NEz_CoqMrh_S2VHJOkgpV681BpZ3O7QcuygIgsQu-Myp-6PMoWu3Bvq1BRZ3BRq3-W69ugHBu2_fBGQJYJ3_uvzJg2_3jhQ1O9Z92HuVJh_1z-PJYJZ9P6epnp3BPo8JOJe9BqqMhk_1PVq1hAZSgsQ3hXyurOgB2IuSPyHMh0Z325q1OAZ9o-Q_BNyuPjrc-D69PsQ_B0gVP6HVKaQcW-qMY2_1o-r7BW69BxufzFyMFN8MVI69PyHMh0Z325q1OAZ9o-Qjyh3BxGouKp1MxqH7O2_fBGr7OD6IB6ZIKdyjzGrfUpgAxMzRPdyjrNHfgU8I2jzpJdgjPR8BxE_9P6uVUdgjP6q1B2PfBsHjNfyfO3gBBXZSgjH7NDZ325q1Ok3_CHqjOE_M2CHJOkgpV6qj1p_32zq1hAZS2gHsBN3ByN8B29zSBgHMP2_fB-8jN1Z9u68jud_jz0HJNkz_o68jOE_92gq3gzv_7ibm-Orfua9fBjUstiHmUDUSoBrRo2QfNwq3ei6iUa61NqgV4RrMz1r74arjVIrRHN_RxG39CDQfPbqcDhujP6_7eF_I20Z9Pv9fy7QBzkoOgbg9zazc2yepo1y_oigVzH8SVwzIV9_cgo_Mu1yBPVqZOHHfhWzOgsZRoVqS-33sCD11o_y3h3P7oi8juf611dyjxA63xBZj7RqMO7oaUDUMVDgaUEUSo7QuYDHOYDHBYDHZUDUMNOQ3-BrBY5gBYxgIHi6sUFbm-XP3Oig9-wy3zp9R-BrZUEHsnDUMoxPVY2gIHi6BDfoZFaomFpHA179ZFiQBYsy3Njq3zxPcuwy3zpUsthoAJDUMVi9RzBrRei6i-6UiFircYpPVYxQcri6i-srcowrfx5rVYOQSJibm-fg9-pq3YXUstiPsUibm-sQIupPcua9fBj9RyaUstpHsJRHaFiyfV7g3P5rSBwrRuSgfupPVYxPIzaq3-OPc1i6BDiHseibmUpHA17UiFiHpnO6mUDUsHFo_1ibmUpHArpUiFiHpnOoi-Pbm-FrMBsguYiq3ei6s1FHmFigfYxQVY2gmUEHiFigMBXy3hwrMuDrMVXqOYxgIosQR-BUstRopeXosJRo_rRo_yh6AJN6mFir9uBrSBwrMuDrMVXqOYpyfYagZUEHmddH_JOH_HhHpeRopHhHsUhwe?page=2&keywords=handphone&ob=23&t=desktop&management_type=1&is_search=1&dv=desktop&r=https%3A%2F%2Fwww.tokopedia.com%2Fphonestore-id%2Fvivo-y22-4-64-garansi-resmi-4-64%3FextParam%3Divf%253Dfalse%26src%3Dtopads&src=search
